scan_id,barrel,land,bullet,operator,machine,round,unique_id
Barrel Green-Land 1-Bullet 1-Allison-Sneox1-Round 1,Barrel Green,Land 1,Bullet 1,Allison,Sneox1,Round 1,NA
Barrel Green-Land 2-Bullet 1-Allison-Sneox1-Round 1,Barrel Green,Land 2,Bullet 1,Allison,Sneox1,Round 1,NA
Barrel Green-Land 3-Bullet 1-Allison-Sneox1-Round 1,Barrel Green,Land 3,Bullet 1,Allison,Sneox1,Round 1,NA
Barrel Green-Land 4-Bullet 1-Allison-Sneox1-Round 1,Barrel Green,Land 4,Bullet 1,Allison,Sneox1,Round 1,NA
Barrel Green-Land 5-Bullet 1-Allison-Sneox1-Round 1,Barrel Green,Land 5,Bullet 1,Allison,Sneox1,Round 1,NA
Barrel Green-Land 6-Bullet 1-Allison-Sneox1-Round 1,Barrel Green,Land 6,Bullet 1,Allison,Sneox1,Round 1,NA
Barrel Green-Land 1-Bullet 2-Allison-Sneox1-Round 1,Barrel Green,Land 1,Bullet 2,Allison,Sneox1,Round 1,BL G-5
Barrel Green-Land 2-Bullet 2-Allison-Sneox1-Round 1,Barrel Green,Land 2,Bullet 2,Allison,Sneox1,Round 1,BL G-6
Barrel Green-Land 3-Bullet 2-Allison-Sneox1-Round 1,Barrel Green,Land 3,Bullet 2,Allison,Sneox1,Round 1,BL G-1
Barrel Green-Land 4-Bullet 2-Allison-Sneox1-Round 1,Barrel Green,Land 4,Bullet 2,Allison,Sneox1,Round 1,BL G-2
Barrel Green-Land 5-Bullet 2-Allison-Sneox1-Round 1,Barrel Green,Land 5,Bullet 2,Allison,Sneox1,Round 1,BL G-3
Barrel Green-Land 6-Bullet 2-Allison-Sneox1-Round 1,Barrel Green,Land 6,Bullet 2,Allison,Sneox1,Round 1,BL G-4
Barrel Green-Land 1-Bullet 3-Allison-Sneox1-Round 1,Barrel Green,Land 1,Bullet 3,Allison,Sneox1,Round 1,BL G-6
Barrel Green-Land 2-Bullet 3-Allison-Sneox1-Round 1,Barrel Green,Land 2,Bullet 3,Allison,Sneox1,Round 1,BL G-1
Barrel Green-Land 3-Bullet 3-Allison-Sneox1-Round 1,Barrel Green,Land 3,Bullet 3,Allison,Sneox1,Round 1,BL G-2
Barrel Green-Land 4-Bullet 3-Allison-Sneox1-Round 1,Barrel Green,Land 4,Bullet 3,Allison,Sneox1,Round 1,BL G-3
Barrel Green-Land 5-Bullet 3-Allison-Sneox1-Round 1,Barrel Green,Land 5,Bullet 3,Allison,Sneox1,Round 1,BL G-4
Barrel Green-Land 6-Bullet 3-Allison-Sneox1-Round 1,Barrel Green,Land 6,Bullet 3,Allison,Sneox1,Round 1,BL G-5
Barrel Green-Land 1-Bullet 3-Allison-Sneox2-Round 1,Barrel Green,Land 1,Bullet 3,Allison,Sneox2,Round 1,NA
Barrel Green-Land 2-Bullet 3-Allison-Sneox2-Round 1,Barrel Green,Land 2,Bullet 3,Allison,Sneox2,Round 1,NA
Barrel Green-Land 3-Bullet 3-Allison-Sneox2-Round 1,Barrel Green,Land 3,Bullet 3,Allison,Sneox2,Round 1,NA
Barrel Green-Land 4-Bullet 3-Allison-Sneox2-Round 1,Barrel Green,Land 4,Bullet 3,Allison,Sneox2,Round 1,NA
Barrel Green-Land 5-Bullet 3-Allison-Sneox2-Round 1,Barrel Green,Land 5,Bullet 3,Allison,Sneox2,Round 1,NA
Barrel Green-Land 6-Bullet 3-Allison-Sneox2-Round 1,Barrel Green,Land 6,Bullet 3,Allison,Sneox2,Round 1,NA
Barrel Green-Land 1-Bullet 1-Allison-Sneox2-Round 1,Barrel Green,Land 1,Bullet 1,Allison,Sneox2,Round 1,NA
Barrel Green-Land 2-Bullet 1-Allison-Sneox2-Round 1,Barrel Green,Land 2,Bullet 1,Allison,Sneox2,Round 1,NA
Barrel Green-Land 3-Bullet 1-Allison-Sneox2-Round 1,Barrel Green,Land 3,Bullet 1,Allison,Sneox2,Round 1,NA
Barrel Green-Land 4-Bullet 1-Allison-Sneox2-Round 1,Barrel Green,Land 4,Bullet 1,Allison,Sneox2,Round 1,NA
Barrel Green-Land 5-Bullet 1-Allison-Sneox2-Round 1,Barrel Green,Land 5,Bullet 1,Allison,Sneox2,Round 1,NA
Barrel Green-Land 6-Bullet 1-Allison-Sneox2-Round 1,Barrel Green,Land 6,Bullet 1,Allison,Sneox2,Round 1,NA
Barrel Green-Land 1-Bullet 2-Allison-Sneox2-Round 1,Barrel Green,Land 1,Bullet 2,Allison,Sneox2,Round 1,BL G-4
Barrel Green-Land 2-Bullet 2-Allison-Sneox2-Round 1,Barrel Green,Land 2,Bullet 2,Allison,Sneox2,Round 1,BL G-5
Barrel Green-Land 3-Bullet 2-Allison-Sneox2-Round 1,Barrel Green,Land 3,Bullet 2,Allison,Sneox2,Round 1,BL G-6
Barrel Green-Land 4-Bullet 2-Allison-Sneox2-Round 1,Barrel Green,Land 4,Bullet 2,Allison,Sneox2,Round 1,BL G-1
Barrel Green-Land 5-Bullet 2-Allison-Sneox2-Round 1,Barrel Green,Land 5,Bullet 2,Allison,Sneox2,Round 1,BL G-2
Barrel Green-Land 6-Bullet 2-Allison-Sneox2-Round 1,Barrel Green,Land 6,Bullet 2,Allison,Sneox2,Round 1,BL G-3
Barrel Green-Land 1-Bullet 1-Anyesha-Sneox1-Round 1,Barrel Green,Land 1,Bullet 1,Anyesha,Sneox1,Round 1,BL G-6
Barrel Green-Land 2-Bullet 1-Anyesha-Sneox1-Round 1,Barrel Green,Land 2,Bullet 1,Anyesha,Sneox1,Round 1,BL G-1
Barrel Green-Land 3-Bullet 1-Anyesha-Sneox1-Round 1,Barrel Green,Land 3,Bullet 1,Anyesha,Sneox1,Round 1,BL G-2
Barrel Green-Land 4-Bullet 1-Anyesha-Sneox1-Round 1,Barrel Green,Land 4,Bullet 1,Anyesha,Sneox1,Round 1,BL G-3
Barrel Green-Land 5-Bullet 1-Anyesha-Sneox1-Round 1,Barrel Green,Land 5,Bullet 1,Anyesha,Sneox1,Round 1,BL G-4
Barrel Green-Land 6-Bullet 1-Anyesha-Sneox1-Round 1,Barrel Green,Land 6,Bullet 1,Anyesha,Sneox1,Round 1,BL G-5
Barrel Green-Land 1-Bullet 2-Anyesha-Sneox1-Round 1,Barrel Green,Land 1,Bullet 2,Anyesha,Sneox1,Round 1,BL G-2
Barrel Green-Land 2-Bullet 2-Anyesha-Sneox1-Round 1,Barrel Green,Land 2,Bullet 2,Anyesha,Sneox1,Round 1,BL G-3
Barrel Green-Land 3-Bullet 2-Anyesha-Sneox1-Round 1,Barrel Green,Land 3,Bullet 2,Anyesha,Sneox1,Round 1,BL G-4
Barrel Green-Land 4-Bullet 2-Anyesha-Sneox1-Round 1,Barrel Green,Land 4,Bullet 2,Anyesha,Sneox1,Round 1,BL G-5
Barrel Green-Land 5-Bullet 2-Anyesha-Sneox1-Round 1,Barrel Green,Land 5,Bullet 2,Anyesha,Sneox1,Round 1,BL G-6
Barrel Green-Land 6-Bullet 2-Anyesha-Sneox1-Round 1,Barrel Green,Land 6,Bullet 2,Anyesha,Sneox1,Round 1,BL G-1
Barrel Green-Land 1-Bullet 3-Anyesha-Sneox1-Round 1,Barrel Green,Land 1,Bullet 3,Anyesha,Sneox1,Round 1,BL G-3
Barrel Green-Land 2-Bullet 3-Anyesha-Sneox1-Round 1,Barrel Green,Land 2,Bullet 3,Anyesha,Sneox1,Round 1,BL G-4
Barrel Green-Land 3-Bullet 3-Anyesha-Sneox1-Round 1,Barrel Green,Land 3,Bullet 3,Anyesha,Sneox1,Round 1,BL G-5
Barrel Green-Land 4-Bullet 3-Anyesha-Sneox1-Round 1,Barrel Green,Land 4,Bullet 3,Anyesha,Sneox1,Round 1,BL G-6
Barrel Green-Land 5-Bullet 3-Anyesha-Sneox1-Round 1,Barrel Green,Land 5,Bullet 3,Anyesha,Sneox1,Round 1,BL G-1
Barrel Green-Land 6-Bullet 3-Anyesha-Sneox1-Round 1,Barrel Green,Land 6,Bullet 3,Anyesha,Sneox1,Round 1,BL G-2
Barrel Green-Land 1-Bullet 1-Anyesha-Sneox2-Round 1,Barrel Green,Land 1,Bullet 1,Anyesha,Sneox2,Round 1,BL G-6
Barrel Green-Land 2-Bullet 1-Anyesha-Sneox2-Round 1,Barrel Green,Land 2,Bullet 1,Anyesha,Sneox2,Round 1,BL G-1
Barrel Green-Land 3-Bullet 1-Anyesha-Sneox2-Round 1,Barrel Green,Land 3,Bullet 1,Anyesha,Sneox2,Round 1,BL G-2
Barrel Green-Land 4-Bullet 1-Anyesha-Sneox2-Round 1,Barrel Green,Land 4,Bullet 1,Anyesha,Sneox2,Round 1,BL G-3
Barrel Green-Land 5-Bullet 1-Anyesha-Sneox2-Round 1,Barrel Green,Land 5,Bullet 1,Anyesha,Sneox2,Round 1,BL G-4
Barrel Green-Land 6-Bullet 1-Anyesha-Sneox2-Round 1,Barrel Green,Land 6,Bullet 1,Anyesha,Sneox2,Round 1,BL G-5
Barrel Green-Land 1-Bullet 2-Anyesha-Sneox2-Round 1,Barrel Green,Land 1,Bullet 2,Anyesha,Sneox2,Round 1,BL G-2
Barrel Green-Land 2-Bullet 2-Anyesha-Sneox2-Round 1,Barrel Green,Land 2,Bullet 2,Anyesha,Sneox2,Round 1,BL G-3
Barrel Green-Land 3-Bullet 2-Anyesha-Sneox2-Round 1,Barrel Green,Land 3,Bullet 2,Anyesha,Sneox2,Round 1,BL G-4
Barrel Green-Land 4-Bullet 2-Anyesha-Sneox2-Round 1,Barrel Green,Land 4,Bullet 2,Anyesha,Sneox2,Round 1,BL G-5
Barrel Green-Land 5-Bullet 2-Anyesha-Sneox2-Round 1,Barrel Green,Land 5,Bullet 2,Anyesha,Sneox2,Round 1,BL G-6
Barrel Green-Land 6-Bullet 2-Anyesha-Sneox2-Round 1,Barrel Green,Land 6,Bullet 2,Anyesha,Sneox2,Round 1,BL G-1
Barrel Green-Land 1-Bullet 3-Anyesha-Sneox2-Round 1,Barrel Green,Land 1,Bullet 3,Anyesha,Sneox2,Round 1,BL G-2
Barrel Green-Land 2-Bullet 3-Anyesha-Sneox2-Round 1,Barrel Green,Land 2,Bullet 3,Anyesha,Sneox2,Round 1,BL G-3
Barrel Green-Land 3-Bullet 3-Anyesha-Sneox2-Round 1,Barrel Green,Land 3,Bullet 3,Anyesha,Sneox2,Round 1,BL G-4
Barrel Green-Land 4-Bullet 3-Anyesha-Sneox2-Round 1,Barrel Green,Land 4,Bullet 3,Anyesha,Sneox2,Round 1,BL G-5
Barrel Green-Land 5-Bullet 3-Anyesha-Sneox2-Round 1,Barrel Green,Land 5,Bullet 3,Anyesha,Sneox2,Round 1,BL G-6
Barrel Green-Land 6-Bullet 3-Anyesha-Sneox2-Round 1,Barrel Green,Land 6,Bullet 3,Anyesha,Sneox2,Round 1,BL G-1
Barrel Green-Land 1-Bullet 1-Carley-Sneox1-Round 1,Barrel Green,Land 1,Bullet 1,Carley,Sneox1,Round 1,BL G-6
Barrel Green-Land 2-Bullet 1-Carley-Sneox1-Round 1,Barrel Green,Land 2,Bullet 1,Carley,Sneox1,Round 1,BL G-1
Barrel Green-Land 3-Bullet 1-Carley-Sneox1-Round 1,Barrel Green,Land 3,Bullet 1,Carley,Sneox1,Round 1,BL G-2
Barrel Green-Land 4-Bullet 1-Carley-Sneox1-Round 1,Barrel Green,Land 4,Bullet 1,Carley,Sneox1,Round 1,BL G-3
Barrel Green-Land 5-Bullet 1-Carley-Sneox1-Round 1,Barrel Green,Land 5,Bullet 1,Carley,Sneox1,Round 1,BL G-4
Barrel Green-Land 6-Bullet 1-Carley-Sneox1-Round 1,Barrel Green,Land 6,Bullet 1,Carley,Sneox1,Round 1,BL G-5
Barrel Green-Land 1-Bullet 2-Carley-Sneox1-Round 1,Barrel Green,Land 1,Bullet 2,Carley,Sneox1,Round 1,BL G-5
Barrel Green-Land 2-Bullet 2-Carley-Sneox1-Round 1,Barrel Green,Land 2,Bullet 2,Carley,Sneox1,Round 1,BL G-6
Barrel Green-Land 3-Bullet 2-Carley-Sneox1-Round 1,Barrel Green,Land 3,Bullet 2,Carley,Sneox1,Round 1,BL G-1
Barrel Green-Land 4-Bullet 2-Carley-Sneox1-Round 1,Barrel Green,Land 4,Bullet 2,Carley,Sneox1,Round 1,BL G-2
Barrel Green-Land 5-Bullet 2-Carley-Sneox1-Round 1,Barrel Green,Land 5,Bullet 2,Carley,Sneox1,Round 1,BL G-3
Barrel Green-Land 6-Bullet 2-Carley-Sneox1-Round 1,Barrel Green,Land 6,Bullet 2,Carley,Sneox1,Round 1,BL G-4
Barrel Green-Land 1-Bullet 3-Carley-Sneox1-Round 1,Barrel Green,Land 1,Bullet 3,Carley,Sneox1,Round 1,BL G-5
Barrel Green-Land 2-Bullet 3-Carley-Sneox1-Round 1,Barrel Green,Land 2,Bullet 3,Carley,Sneox1,Round 1,BL G-6
Barrel Green-Land 3-Bullet 3-Carley-Sneox1-Round 1,Barrel Green,Land 3,Bullet 3,Carley,Sneox1,Round 1,BL G-1
Barrel Green-Land 4-Bullet 3-Carley-Sneox1-Round 1,Barrel Green,Land 4,Bullet 3,Carley,Sneox1,Round 1,BL G-2
Barrel Green-Land 5-Bullet 3-Carley-Sneox1-Round 1,Barrel Green,Land 5,Bullet 3,Carley,Sneox1,Round 1,BL G-3
Barrel Green-Land 6-Bullet 3-Carley-Sneox1-Round 1,Barrel Green,Land 6,Bullet 3,Carley,Sneox1,Round 1,BL G-4
Barrel Green-Land 1-Bullet 1-Carley-Sneox2-Round 1,Barrel Green,Land 1,Bullet 1,Carley,Sneox2,Round 1,BL G-6
Barrel Green-Land 2-Bullet 1-Carley-Sneox2-Round 1,Barrel Green,Land 2,Bullet 1,Carley,Sneox2,Round 1,BL G-1
Barrel Green-Land 3-Bullet 1-Carley-Sneox2-Round 1,Barrel Green,Land 3,Bullet 1,Carley,Sneox2,Round 1,BL G-2
Barrel Green-Land 4-Bullet 1-Carley-Sneox2-Round 1,Barrel Green,Land 4,Bullet 1,Carley,Sneox2,Round 1,BL G-3
Barrel Green-Land 5-Bullet 1-Carley-Sneox2-Round 1,Barrel Green,Land 5,Bullet 1,Carley,Sneox2,Round 1,BL G-4
Barrel Green-Land 6-Bullet 1-Carley-Sneox2-Round 1,Barrel Green,Land 6,Bullet 1,Carley,Sneox2,Round 1,BL G-5
Barrel Green-Land 1-Bullet 2-Carley-Sneox2-Round 1,Barrel Green,Land 1,Bullet 2,Carley,Sneox2,Round 1,BL G-6
Barrel Green-Land 2-Bullet 2-Carley-Sneox2-Round 1,Barrel Green,Land 2,Bullet 2,Carley,Sneox2,Round 1,BL G-1
Barrel Green-Land 3-Bullet 2-Carley-Sneox2-Round 1,Barrel Green,Land 3,Bullet 2,Carley,Sneox2,Round 1,BL G-2
Barrel Green-Land 4-Bullet 2-Carley-Sneox2-Round 1,Barrel Green,Land 4,Bullet 2,Carley,Sneox2,Round 1,BL G-3
Barrel Green-Land 5-Bullet 2-Carley-Sneox2-Round 1,Barrel Green,Land 5,Bullet 2,Carley,Sneox2,Round 1,BL G-4
Barrel Green-Land 6-Bullet 2-Carley-Sneox2-Round 1,Barrel Green,Land 6,Bullet 2,Carley,Sneox2,Round 1,BL G-5
Barrel Green-Land 1-Bullet 3-Carley-Sneox2-Round 1,Barrel Green,Land 1,Bullet 3,Carley,Sneox2,Round 1,BL G-6
Barrel Green-Land 2-Bullet 3-Carley-Sneox2-Round 1,Barrel Green,Land 2,Bullet 3,Carley,Sneox2,Round 1,BL G-1
Barrel Green-Land 3-Bullet 3-Carley-Sneox2-Round 1,Barrel Green,Land 3,Bullet 3,Carley,Sneox2,Round 1,BL G-2
Barrel Green-Land 4-Bullet 3-Carley-Sneox2-Round 1,Barrel Green,Land 4,Bullet 3,Carley,Sneox2,Round 1,BL G-3
Barrel Green-Land 5-Bullet 3-Carley-Sneox2-Round 1,Barrel Green,Land 5,Bullet 3,Carley,Sneox2,Round 1,BL G-4
Barrel Green-Land 6-Bullet 3-Carley-Sneox2-Round 1,Barrel Green,Land 6,Bullet 3,Carley,Sneox2,Round 1,BL G-5
Barrel Green-Land 1-Bullet 1-Connor-Sneox1-Round 1,Barrel Green,Land 1,Bullet 1,Connor,Sneox1,Round 1,BL G-1
Barrel Green-Land 2-Bullet 1-Connor-Sneox1-Round 1,Barrel Green,Land 2,Bullet 1,Connor,Sneox1,Round 1,BL G-2
Barrel Green-Land 3-Bullet 1-Connor-Sneox1-Round 1,Barrel Green,Land 3,Bullet 1,Connor,Sneox1,Round 1,BL G-3
Barrel Green-Land 4-Bullet 1-Connor-Sneox1-Round 1,Barrel Green,Land 4,Bullet 1,Connor,Sneox1,Round 1,BL G-4
Barrel Green-Land 5-Bullet 1-Connor-Sneox1-Round 1,Barrel Green,Land 5,Bullet 1,Connor,Sneox1,Round 1,BL G-5
Barrel Green-Land 6-Bullet 1-Connor-Sneox1-Round 1,Barrel Green,Land 6,Bullet 1,Connor,Sneox1,Round 1,BL G-6
Barrel Green-Land 1-Bullet 2-Connor-Sneox1-Round 1,Barrel Green,Land 1,Bullet 2,Connor,Sneox1,Round 1,BL G-5
Barrel Green-Land 2-Bullet 2-Connor-Sneox1-Round 1,Barrel Green,Land 2,Bullet 2,Connor,Sneox1,Round 1,BL G-6
Barrel Green-Land 3-Bullet 2-Connor-Sneox1-Round 1,Barrel Green,Land 3,Bullet 2,Connor,Sneox1,Round 1,BL G-1
Barrel Green-Land 4-Bullet 2-Connor-Sneox1-Round 1,Barrel Green,Land 4,Bullet 2,Connor,Sneox1,Round 1,BL G-2
Barrel Green-Land 5-Bullet 2-Connor-Sneox1-Round 1,Barrel Green,Land 5,Bullet 2,Connor,Sneox1,Round 1,BL G-3
Barrel Green-Land 6-Bullet 2-Connor-Sneox1-Round 1,Barrel Green,Land 6,Bullet 2,Connor,Sneox1,Round 1,BL G-4
Barrel Green-Land 1-Bullet 3-Connor-Sneox1-Round 1,Barrel Green,Land 1,Bullet 3,Connor,Sneox1,Round 1,BL G-4
Barrel Green-Land 2-Bullet 3-Connor-Sneox1-Round 1,Barrel Green,Land 2,Bullet 3,Connor,Sneox1,Round 1,BL G-5
Barrel Green-Land 3-Bullet 3-Connor-Sneox1-Round 1,Barrel Green,Land 3,Bullet 3,Connor,Sneox1,Round 1,BL G-6
Barrel Green-Land 4-Bullet 3-Connor-Sneox1-Round 1,Barrel Green,Land 4,Bullet 3,Connor,Sneox1,Round 1,BL G-1
Barrel Green-Land 5-Bullet 3-Connor-Sneox1-Round 1,Barrel Green,Land 5,Bullet 3,Connor,Sneox1,Round 1,BL G-2
Barrel Green-Land 6-Bullet 3-Connor-Sneox1-Round 1,Barrel Green,Land 6,Bullet 3,Connor,Sneox1,Round 1,BL G-3
Barrel Green-Land 1-Bullet 1-Connor-Sneox2-Round 1,Barrel Green,Land 1,Bullet 1,Connor,Sneox2,Round 1,BL G-5
Barrel Green-Land 2-Bullet 1-Connor-Sneox2-Round 1,Barrel Green,Land 2,Bullet 1,Connor,Sneox2,Round 1,BL G-6
Barrel Green-Land 3-Bullet 1-Connor-Sneox2-Round 1,Barrel Green,Land 3,Bullet 1,Connor,Sneox2,Round 1,BL G-1
Barrel Green-Land 4-Bullet 1-Connor-Sneox2-Round 1,Barrel Green,Land 4,Bullet 1,Connor,Sneox2,Round 1,BL G-2
Barrel Green-Land 5-Bullet 1-Connor-Sneox2-Round 1,Barrel Green,Land 5,Bullet 1,Connor,Sneox2,Round 1,BL G-3
Barrel Green-Land 6-Bullet 1-Connor-Sneox2-Round 1,Barrel Green,Land 6,Bullet 1,Connor,Sneox2,Round 1,BL G-4
Barrel Green-Land 1-Bullet 2-Connor-Sneox2-Round 1,Barrel Green,Land 1,Bullet 2,Connor,Sneox2,Round 1,BL G-4
Barrel Green-Land 2-Bullet 2-Connor-Sneox2-Round 1,Barrel Green,Land 2,Bullet 2,Connor,Sneox2,Round 1,BL G-5
Barrel Green-Land 3-Bullet 2-Connor-Sneox2-Round 1,Barrel Green,Land 3,Bullet 2,Connor,Sneox2,Round 1,BL G-6
Barrel Green-Land 4-Bullet 2-Connor-Sneox2-Round 1,Barrel Green,Land 4,Bullet 2,Connor,Sneox2,Round 1,BL G-1
Barrel Green-Land 5-Bullet 2-Connor-Sneox2-Round 1,Barrel Green,Land 5,Bullet 2,Connor,Sneox2,Round 1,BL G-2
Barrel Green-Land 6-Bullet 2-Connor-Sneox2-Round 1,Barrel Green,Land 6,Bullet 2,Connor,Sneox2,Round 1,BL G-3
Barrel Green-Land 1-Bullet 3-Connor-Sneox2-Round 1,Barrel Green,Land 1,Bullet 3,Connor,Sneox2,Round 1,BL G-1
Barrel Green-Land 2-Bullet 3-Connor-Sneox2-Round 1,Barrel Green,Land 2,Bullet 3,Connor,Sneox2,Round 1,BL G-2
Barrel Green-Land 3-Bullet 3-Connor-Sneox2-Round 1,Barrel Green,Land 3,Bullet 3,Connor,Sneox2,Round 1,BL G-3
Barrel Green-Land 4-Bullet 3-Connor-Sneox2-Round 1,Barrel Green,Land 4,Bullet 3,Connor,Sneox2,Round 1,BL G-4
Barrel Green-Land 5-Bullet 3-Connor-Sneox2-Round 1,Barrel Green,Land 5,Bullet 3,Connor,Sneox2,Round 1,BL G-5
Barrel Green-Land 6-Bullet 3-Connor-Sneox2-Round 1,Barrel Green,Land 6,Bullet 3,Connor,Sneox2,Round 1,BL G-6
Barrel Green-Land 1-Bullet 1-Mya-Sneox1-Round 1,Barrel Green,Land 1,Bullet 1,Mya,Sneox1,Round 1,BL G-4
Barrel Green-Land 2-Bullet 1-Mya-Sneox1-Round 1,Barrel Green,Land 2,Bullet 1,Mya,Sneox1,Round 1,BL G-5
Barrel Green-Land 3-Bullet 1-Mya-Sneox1-Round 1,Barrel Green,Land 3,Bullet 1,Mya,Sneox1,Round 1,BL G-6
Barrel Green-Land 4-Bullet 1-Mya-Sneox1-Round 1,Barrel Green,Land 4,Bullet 1,Mya,Sneox1,Round 1,BL G-1
Barrel Green-Land 5-Bullet 1-Mya-Sneox1-Round 1,Barrel Green,Land 5,Bullet 1,Mya,Sneox1,Round 1,BL G-2
Barrel Green-Land 6-Bullet 1-Mya-Sneox1-Round 1,Barrel Green,Land 6,Bullet 1,Mya,Sneox1,Round 1,BL G-3
Barrel Green-Land 1-Bullet 2-Mya-Sneox1-Round 1,Barrel Green,Land 1,Bullet 2,Mya,Sneox1,Round 1,BL G-2
Barrel Green-Land 2-Bullet 2-Mya-Sneox1-Round 1,Barrel Green,Land 2,Bullet 2,Mya,Sneox1,Round 1,BL G-3
Barrel Green-Land 3-Bullet 2-Mya-Sneox1-Round 1,Barrel Green,Land 3,Bullet 2,Mya,Sneox1,Round 1,BL G-4
Barrel Green-Land 4-Bullet 2-Mya-Sneox1-Round 1,Barrel Green,Land 4,Bullet 2,Mya,Sneox1,Round 1,BL G-5
Barrel Green-Land 5-Bullet 2-Mya-Sneox1-Round 1,Barrel Green,Land 5,Bullet 2,Mya,Sneox1,Round 1,BL G-6
Barrel Green-Land 6-Bullet 2-Mya-Sneox1-Round 1,Barrel Green,Land 6,Bullet 2,Mya,Sneox1,Round 1,BL G-1
Barrel Green-Land 1-Bullet 3-Mya-Sneox1-Round 1,Barrel Green,Land 1,Bullet 3,Mya,Sneox1,Round 1,BL G-2
Barrel Green-Land 2-Bullet 3-Mya-Sneox1-Round 1,Barrel Green,Land 2,Bullet 3,Mya,Sneox1,Round 1,BL G-3
Barrel Green-Land 3-Bullet 3-Mya-Sneox1-Round 1,Barrel Green,Land 3,Bullet 3,Mya,Sneox1,Round 1,BL G-4
Barrel Green-Land 4-Bullet 3-Mya-Sneox1-Round 1,Barrel Green,Land 4,Bullet 3,Mya,Sneox1,Round 1,BL G-5
Barrel Green-Land 5-Bullet 3-Mya-Sneox1-Round 1,Barrel Green,Land 5,Bullet 3,Mya,Sneox1,Round 1,BL G-6
Barrel Green-Land 6-Bullet 3-Mya-Sneox1-Round 1,Barrel Green,Land 6,Bullet 3,Mya,Sneox1,Round 1,BL G-1
Barrel Green-Land 1-Bullet 1-Mya-Sneox2-Round 1,Barrel Green,Land 1,Bullet 1,Mya,Sneox2,Round 1,BL G-3
Barrel Green-Land 2-Bullet 1-Mya-Sneox2-Round 1,Barrel Green,Land 2,Bullet 1,Mya,Sneox2,Round 1,BL G-4
Barrel Green-Land 3-Bullet 1-Mya-Sneox2-Round 1,Barrel Green,Land 3,Bullet 1,Mya,Sneox2,Round 1,BL G-5
Barrel Green-Land 4-Bullet 1-Mya-Sneox2-Round 1,Barrel Green,Land 4,Bullet 1,Mya,Sneox2,Round 1,BL G-6
Barrel Green-Land 5-Bullet 1-Mya-Sneox2-Round 1,Barrel Green,Land 5,Bullet 1,Mya,Sneox2,Round 1,BL G-1
Barrel Green-Land 6-Bullet 1-Mya-Sneox2-Round 1,Barrel Green,Land 6,Bullet 1,Mya,Sneox2,Round 1,BL G-2
Barrel Green-Land 1-Bullet 2-Mya-Sneox2-Round 1,Barrel Green,Land 1,Bullet 2,Mya,Sneox2,Round 1,BL G-5
Barrel Green-Land 2-Bullet 2-Mya-Sneox2-Round 1,Barrel Green,Land 2,Bullet 2,Mya,Sneox2,Round 1,BL G-6
Barrel Green-Land 3-Bullet 2-Mya-Sneox2-Round 1,Barrel Green,Land 3,Bullet 2,Mya,Sneox2,Round 1,BL G-1
Barrel Green-Land 4-Bullet 2-Mya-Sneox2-Round 1,Barrel Green,Land 4,Bullet 2,Mya,Sneox2,Round 1,BL G-2
Barrel Green-Land 5-Bullet 2-Mya-Sneox2-Round 1,Barrel Green,Land 5,Bullet 2,Mya,Sneox2,Round 1,BL G-3
Barrel Green-Land 6-Bullet 2-Mya-Sneox2-Round 1,Barrel Green,Land 6,Bullet 2,Mya,Sneox2,Round 1,BL G-4
Barrel Green-Land 1-Bullet 3-Mya-Sneox2-Round 1,Barrel Green,Land 1,Bullet 3,Mya,Sneox2,Round 1,NA
Barrel Green-Land 2-Bullet 3-Mya-Sneox2-Round 1,Barrel Green,Land 2,Bullet 3,Mya,Sneox2,Round 1,NA
Barrel Green-Land 3-Bullet 3-Mya-Sneox2-Round 1,Barrel Green,Land 3,Bullet 3,Mya,Sneox2,Round 1,NA
Barrel Green-Land 4-Bullet 3-Mya-Sneox2-Round 1,Barrel Green,Land 4,Bullet 3,Mya,Sneox2,Round 1,NA
Barrel Green-Land 5-Bullet 3-Mya-Sneox2-Round 1,Barrel Green,Land 5,Bullet 3,Mya,Sneox2,Round 1,NA
Barrel Green-Land 6-Bullet 3-Mya-Sneox2-Round 1,Barrel Green,Land 6,Bullet 3,Mya,Sneox2,Round 1,NA
Barrel Green-Land 1-Bullet 1-Allison-Sneox1-Round 2,Barrel Green,Land 1,Bullet 1,Allison,Sneox1,Round 2,NA
Barrel Green-Land 2-Bullet 1-Allison-Sneox1-Round 2,Barrel Green,Land 2,Bullet 1,Allison,Sneox1,Round 2,NA
Barrel Green-Land 3-Bullet 1-Allison-Sneox1-Round 2,Barrel Green,Land 3,Bullet 1,Allison,Sneox1,Round 2,NA
Barrel Green-Land 4-Bullet 1-Allison-Sneox1-Round 2,Barrel Green,Land 4,Bullet 1,Allison,Sneox1,Round 2,NA
Barrel Green-Land 5-Bullet 1-Allison-Sneox1-Round 2,Barrel Green,Land 5,Bullet 1,Allison,Sneox1,Round 2,NA
Barrel Green-Land 6-Bullet 1-Allison-Sneox1-Round 2,Barrel Green,Land 6,Bullet 1,Allison,Sneox1,Round 2,NA
Barrel Green-Land 1-Bullet 2-Allison-Sneox1-Round 2,Barrel Green,Land 1,Bullet 2,Allison,Sneox1,Round 2,BL G-1
Barrel Green-Land 2-Bullet 2-Allison-Sneox1-Round 2,Barrel Green,Land 2,Bullet 2,Allison,Sneox1,Round 2,BL G-2
Barrel Green-Land 3-Bullet 2-Allison-Sneox1-Round 2,Barrel Green,Land 3,Bullet 2,Allison,Sneox1,Round 2,BL G-3
Barrel Green-Land 4-Bullet 2-Allison-Sneox1-Round 2,Barrel Green,Land 4,Bullet 2,Allison,Sneox1,Round 2,BL G-4
Barrel Green-Land 5-Bullet 2-Allison-Sneox1-Round 2,Barrel Green,Land 5,Bullet 2,Allison,Sneox1,Round 2,BL G-5
Barrel Green-Land 6-Bullet 2-Allison-Sneox1-Round 2,Barrel Green,Land 6,Bullet 2,Allison,Sneox1,Round 2,BL G-6
Barrel Green-Land 1-Bullet 3-Allison-Sneox1-Round 2,Barrel Green,Land 1,Bullet 3,Allison,Sneox1,Round 2,BL G-2
Barrel Green-Land 2-Bullet 3-Allison-Sneox1-Round 2,Barrel Green,Land 2,Bullet 3,Allison,Sneox1,Round 2,BL G-3
Barrel Green-Land 3-Bullet 3-Allison-Sneox1-Round 2,Barrel Green,Land 3,Bullet 3,Allison,Sneox1,Round 2,BL G-4
Barrel Green-Land 4-Bullet 3-Allison-Sneox1-Round 2,Barrel Green,Land 4,Bullet 3,Allison,Sneox1,Round 2,BL G-5
Barrel Green-Land 5-Bullet 3-Allison-Sneox1-Round 2,Barrel Green,Land 5,Bullet 3,Allison,Sneox1,Round 2,BL G-6
Barrel Green-Land 6-Bullet 3-Allison-Sneox1-Round 2,Barrel Green,Land 6,Bullet 3,Allison,Sneox1,Round 2,BL G-1
Barrel Green-Land 1-Bullet 1-Allison-Sneox2-Round 2,Barrel Green,Land 1,Bullet 1,Allison,Sneox2,Round 2,NA
Barrel Green-Land 2-Bullet 1-Allison-Sneox2-Round 2,Barrel Green,Land 2,Bullet 1,Allison,Sneox2,Round 2,NA
Barrel Green-Land 3-Bullet 1-Allison-Sneox2-Round 2,Barrel Green,Land 3,Bullet 1,Allison,Sneox2,Round 2,NA
Barrel Green-Land 4-Bullet 1-Allison-Sneox2-Round 2,Barrel Green,Land 4,Bullet 1,Allison,Sneox2,Round 2,NA
Barrel Green-Land 5-Bullet 1-Allison-Sneox2-Round 2,Barrel Green,Land 5,Bullet 1,Allison,Sneox2,Round 2,NA
Barrel Green-Land 6-Bullet 1-Allison-Sneox2-Round 2,Barrel Green,Land 6,Bullet 1,Allison,Sneox2,Round 2,NA
Barrel Green-Land 1-Bullet 2-Allison-Sneox2-Round 2,Barrel Green,Land 1,Bullet 2,Allison,Sneox2,Round 2,BL G-4
Barrel Green-Land 2-Bullet 2-Allison-Sneox2-Round 2,Barrel Green,Land 2,Bullet 2,Allison,Sneox2,Round 2,BL G-5
Barrel Green-Land 3-Bullet 2-Allison-Sneox2-Round 2,Barrel Green,Land 3,Bullet 2,Allison,Sneox2,Round 2,BL G-6
Barrel Green-Land 4-Bullet 2-Allison-Sneox2-Round 2,Barrel Green,Land 4,Bullet 2,Allison,Sneox2,Round 2,BL G-1
Barrel Green-Land 5-Bullet 2-Allison-Sneox2-Round 2,Barrel Green,Land 5,Bullet 2,Allison,Sneox2,Round 2,BL G-2
Barrel Green-Land 6-Bullet 2-Allison-Sneox2-Round 2,Barrel Green,Land 6,Bullet 2,Allison,Sneox2,Round 2,BL G-3
Barrel Green-Land 1-Bullet 3-Allison-Sneox2-Round 2,Barrel Green,Land 1,Bullet 3,Allison,Sneox2,Round 2,BL G-5
Barrel Green-Land 2-Bullet 3-Allison-Sneox2-Round 2,Barrel Green,Land 2,Bullet 3,Allison,Sneox2,Round 2,BL G-6
Barrel Green-Land 3-Bullet 3-Allison-Sneox2-Round 2,Barrel Green,Land 3,Bullet 3,Allison,Sneox2,Round 2,BL G-1
Barrel Green-Land 4-Bullet 3-Allison-Sneox2-Round 2,Barrel Green,Land 4,Bullet 3,Allison,Sneox2,Round 2,BL G-2
Barrel Green-Land 5-Bullet 3-Allison-Sneox2-Round 2,Barrel Green,Land 5,Bullet 3,Allison,Sneox2,Round 2,BL G-3
Barrel Green-Land 6-Bullet 3-Allison-Sneox2-Round 2,Barrel Green,Land 6,Bullet 3,Allison,Sneox2,Round 2,BL G-4
Barrel Green-Land 1-Bullet 1-Anyesha-Sneox1-Round 2,Barrel Green,Land 1,Bullet 1,Anyesha,Sneox1,Round 2,BL G-6
Barrel Green-Land 2-Bullet 1-Anyesha-Sneox1-Round 2,Barrel Green,Land 2,Bullet 1,Anyesha,Sneox1,Round 2,BL G-1
Barrel Green-Land 3-Bullet 1-Anyesha-Sneox1-Round 2,Barrel Green,Land 3,Bullet 1,Anyesha,Sneox1,Round 2,BL G-2
Barrel Green-Land 4-Bullet 1-Anyesha-Sneox1-Round 2,Barrel Green,Land 4,Bullet 1,Anyesha,Sneox1,Round 2,BL G-3
Barrel Green-Land 5-Bullet 1-Anyesha-Sneox1-Round 2,Barrel Green,Land 5,Bullet 1,Anyesha,Sneox1,Round 2,BL G-4
Barrel Green-Land 6-Bullet 1-Anyesha-Sneox1-Round 2,Barrel Green,Land 6,Bullet 1,Anyesha,Sneox1,Round 2,BL G-5
Barrel Green-Land 1-Bullet 2-Anyesha-Sneox1-Round 2,Barrel Green,Land 1,Bullet 2,Anyesha,Sneox1,Round 2,BL G-6
Barrel Green-Land 2-Bullet 2-Anyesha-Sneox1-Round 2,Barrel Green,Land 2,Bullet 2,Anyesha,Sneox1,Round 2,BL G-1
Barrel Green-Land 3-Bullet 2-Anyesha-Sneox1-Round 2,Barrel Green,Land 3,Bullet 2,Anyesha,Sneox1,Round 2,BL G-2
Barrel Green-Land 4-Bullet 2-Anyesha-Sneox1-Round 2,Barrel Green,Land 4,Bullet 2,Anyesha,Sneox1,Round 2,BL G-3
Barrel Green-Land 5-Bullet 2-Anyesha-Sneox1-Round 2,Barrel Green,Land 5,Bullet 2,Anyesha,Sneox1,Round 2,BL G-4
Barrel Green-Land 6-Bullet 2-Anyesha-Sneox1-Round 2,Barrel Green,Land 6,Bullet 2,Anyesha,Sneox1,Round 2,BL G-5
Barrel Green-Land 1-Bullet 3-Anyesha-Sneox1-Round 2,Barrel Green,Land 1,Bullet 3,Anyesha,Sneox1,Round 2,BL G-4
Barrel Green-Land 2-Bullet 3-Anyesha-Sneox1-Round 2,Barrel Green,Land 2,Bullet 3,Anyesha,Sneox1,Round 2,BL G-5
Barrel Green-Land 3-Bullet 3-Anyesha-Sneox1-Round 2,Barrel Green,Land 3,Bullet 3,Anyesha,Sneox1,Round 2,BL G-6
Barrel Green-Land 4-Bullet 3-Anyesha-Sneox1-Round 2,Barrel Green,Land 4,Bullet 3,Anyesha,Sneox1,Round 2,BL G-1
Barrel Green-Land 5-Bullet 3-Anyesha-Sneox1-Round 2,Barrel Green,Land 5,Bullet 3,Anyesha,Sneox1,Round 2,BL G-2
Barrel Green-Land 6-Bullet 3-Anyesha-Sneox1-Round 2,Barrel Green,Land 6,Bullet 3,Anyesha,Sneox1,Round 2,BL G-3
Barrel Green-Land 1-Bullet 1-Anyesha-Sneox2-Round 2,Barrel Green,Land 1,Bullet 1,Anyesha,Sneox2,Round 2,BL G-1
Barrel Green-Land 2-Bullet 1-Anyesha-Sneox2-Round 2,Barrel Green,Land 2,Bullet 1,Anyesha,Sneox2,Round 2,BL G-1
Barrel Green-Land 3-Bullet 1-Anyesha-Sneox2-Round 2,Barrel Green,Land 3,Bullet 1,Anyesha,Sneox2,Round 2,BL G-2
Barrel Green-Land 4-Bullet 1-Anyesha-Sneox2-Round 2,Barrel Green,Land 4,Bullet 1,Anyesha,Sneox2,Round 2,BL G-3
Barrel Green-Land 5-Bullet 1-Anyesha-Sneox2-Round 2,Barrel Green,Land 5,Bullet 1,Anyesha,Sneox2,Round 2,BL G-4
Barrel Green-Land 6-Bullet 1-Anyesha-Sneox2-Round 2,Barrel Green,Land 6,Bullet 1,Anyesha,Sneox2,Round 2,BL G-6
Barrel Green-Land 1-Bullet 2-Anyesha-Sneox2-Round 2,Barrel Green,Land 1,Bullet 2,Anyesha,Sneox2,Round 2,BL G-2
Barrel Green-Land 2-Bullet 2-Anyesha-Sneox2-Round 2,Barrel Green,Land 2,Bullet 2,Anyesha,Sneox2,Round 2,BL G-3
Barrel Green-Land 3-Bullet 2-Anyesha-Sneox2-Round 2,Barrel Green,Land 3,Bullet 2,Anyesha,Sneox2,Round 2,BL G-4
Barrel Green-Land 4-Bullet 2-Anyesha-Sneox2-Round 2,Barrel Green,Land 4,Bullet 2,Anyesha,Sneox2,Round 2,BL G-5
Barrel Green-Land 5-Bullet 2-Anyesha-Sneox2-Round 2,Barrel Green,Land 5,Bullet 2,Anyesha,Sneox2,Round 2,BL G-6
Barrel Green-Land 6-Bullet 2-Anyesha-Sneox2-Round 2,Barrel Green,Land 6,Bullet 2,Anyesha,Sneox2,Round 2,BL G-1
Barrel Green-Land 1-Bullet 3-Anyesha-Sneox2-Round 2,Barrel Green,Land 1,Bullet 3,Anyesha,Sneox2,Round 2,BL G-4
Barrel Green-Land 2-Bullet 3-Anyesha-Sneox2-Round 2,Barrel Green,Land 2,Bullet 3,Anyesha,Sneox2,Round 2,BL G-5
Barrel Green-Land 3-Bullet 3-Anyesha-Sneox2-Round 2,Barrel Green,Land 3,Bullet 3,Anyesha,Sneox2,Round 2,BL G-6
Barrel Green-Land 4-Bullet 3-Anyesha-Sneox2-Round 2,Barrel Green,Land 4,Bullet 3,Anyesha,Sneox2,Round 2,BL G-1
Barrel Green-Land 5-Bullet 3-Anyesha-Sneox2-Round 2,Barrel Green,Land 5,Bullet 3,Anyesha,Sneox2,Round 2,BL G-2
Barrel Green-Land 6-Bullet 3-Anyesha-Sneox2-Round 2,Barrel Green,Land 6,Bullet 3,Anyesha,Sneox2,Round 2,BL G-3
Barrel Green-Land 1-Bullet 1-Carley-Sneox1-Round 2,Barrel Green,Land 1,Bullet 1,Carley,Sneox1,Round 2,BL G-6
Barrel Green-Land 2-Bullet 1-Carley-Sneox1-Round 2,Barrel Green,Land 2,Bullet 1,Carley,Sneox1,Round 2,BL G-1
Barrel Green-Land 3-Bullet 1-Carley-Sneox1-Round 2,Barrel Green,Land 3,Bullet 1,Carley,Sneox1,Round 2,BL G-2
Barrel Green-Land 4-Bullet 1-Carley-Sneox1-Round 2,Barrel Green,Land 4,Bullet 1,Carley,Sneox1,Round 2,BL G-3
Barrel Green-Land 5-Bullet 1-Carley-Sneox1-Round 2,Barrel Green,Land 5,Bullet 1,Carley,Sneox1,Round 2,BL G-4
Barrel Green-Land 6-Bullet 1-Carley-Sneox1-Round 2,Barrel Green,Land 6,Bullet 1,Carley,Sneox1,Round 2,BL G-5
Barrel Green-Land 1-Bullet 2-Carley-Sneox1-Round 2,Barrel Green,Land 1,Bullet 2,Carley,Sneox1,Round 2,BL G-6
Barrel Green-Land 2-Bullet 2-Carley-Sneox1-Round 2,Barrel Green,Land 2,Bullet 2,Carley,Sneox1,Round 2,BL G-1
Barrel Green-Land 3-Bullet 2-Carley-Sneox1-Round 2,Barrel Green,Land 3,Bullet 2,Carley,Sneox1,Round 2,BL G-2
Barrel Green-Land 4-Bullet 2-Carley-Sneox1-Round 2,Barrel Green,Land 4,Bullet 2,Carley,Sneox1,Round 2,BL G-3
Barrel Green-Land 5-Bullet 2-Carley-Sneox1-Round 2,Barrel Green,Land 5,Bullet 2,Carley,Sneox1,Round 2,BL G-4
Barrel Green-Land 6-Bullet 2-Carley-Sneox1-Round 2,Barrel Green,Land 6,Bullet 2,Carley,Sneox1,Round 2,BL G-5
Barrel Green-Land 1-Bullet 3-Carley-Sneox1-Round 2,Barrel Green,Land 1,Bullet 3,Carley,Sneox1,Round 2,BL G-5
Barrel Green-Land 2-Bullet 3-Carley-Sneox1-Round 2,Barrel Green,Land 2,Bullet 3,Carley,Sneox1,Round 2,BL G-6
Barrel Green-Land 3-Bullet 3-Carley-Sneox1-Round 2,Barrel Green,Land 3,Bullet 3,Carley,Sneox1,Round 2,BL G-1
Barrel Green-Land 4-Bullet 3-Carley-Sneox1-Round 2,Barrel Green,Land 4,Bullet 3,Carley,Sneox1,Round 2,BL G-2
Barrel Green-Land 5-Bullet 3-Carley-Sneox1-Round 2,Barrel Green,Land 5,Bullet 3,Carley,Sneox1,Round 2,BL G-3
Barrel Green-Land 6-Bullet 3-Carley-Sneox1-Round 2,Barrel Green,Land 6,Bullet 3,Carley,Sneox1,Round 2,BL G-4
Barrel Green-Land 1-Bullet 1-Carley-Sneox2-Round 2,Barrel Green,Land 1,Bullet 1,Carley,Sneox2,Round 2,BL G-6
Barrel Green-Land 2-Bullet 1-Carley-Sneox2-Round 2,Barrel Green,Land 2,Bullet 1,Carley,Sneox2,Round 2,BL G-1
Barrel Green-Land 3-Bullet 1-Carley-Sneox2-Round 2,Barrel Green,Land 3,Bullet 1,Carley,Sneox2,Round 2,BL G-2
Barrel Green-Land 4-Bullet 1-Carley-Sneox2-Round 2,Barrel Green,Land 4,Bullet 1,Carley,Sneox2,Round 2,BL G-3
Barrel Green-Land 5-Bullet 1-Carley-Sneox2-Round 2,Barrel Green,Land 5,Bullet 1,Carley,Sneox2,Round 2,BL G-4
Barrel Green-Land 6-Bullet 1-Carley-Sneox2-Round 2,Barrel Green,Land 6,Bullet 1,Carley,Sneox2,Round 2,BL G-5
Barrel Green-Land 1-Bullet 2-Carley-Sneox2-Round 2,Barrel Green,Land 1,Bullet 2,Carley,Sneox2,Round 2,BL G-5
Barrel Green-Land 2-Bullet 2-Carley-Sneox2-Round 2,Barrel Green,Land 2,Bullet 2,Carley,Sneox2,Round 2,BL G-6
Barrel Green-Land 3-Bullet 2-Carley-Sneox2-Round 2,Barrel Green,Land 3,Bullet 2,Carley,Sneox2,Round 2,BL G-1
Barrel Green-Land 4-Bullet 2-Carley-Sneox2-Round 2,Barrel Green,Land 4,Bullet 2,Carley,Sneox2,Round 2,BL G-2
Barrel Green-Land 5-Bullet 2-Carley-Sneox2-Round 2,Barrel Green,Land 5,Bullet 2,Carley,Sneox2,Round 2,BL G-3
Barrel Green-Land 6-Bullet 2-Carley-Sneox2-Round 2,Barrel Green,Land 6,Bullet 2,Carley,Sneox2,Round 2,BL G-4
Barrel Green-Land 1-Bullet 3-Carley-Sneox2-Round 2,Barrel Green,Land 1,Bullet 3,Carley,Sneox2,Round 2,BL G-5
Barrel Green-Land 2-Bullet 3-Carley-Sneox2-Round 2,Barrel Green,Land 2,Bullet 3,Carley,Sneox2,Round 2,BL G-6
Barrel Green-Land 3-Bullet 3-Carley-Sneox2-Round 2,Barrel Green,Land 3,Bullet 3,Carley,Sneox2,Round 2,BL G-1
Barrel Green-Land 4-Bullet 3-Carley-Sneox2-Round 2,Barrel Green,Land 4,Bullet 3,Carley,Sneox2,Round 2,BL G-2
Barrel Green-Land 5-Bullet 3-Carley-Sneox2-Round 2,Barrel Green,Land 5,Bullet 3,Carley,Sneox2,Round 2,BL G-3
Barrel Green-Land 6-Bullet 3-Carley-Sneox2-Round 2,Barrel Green,Land 6,Bullet 3,Carley,Sneox2,Round 2,BL G-4
Barrel Green-Land 1-Bullet 1-Connor-Sneox1-Round 2,Barrel Green,Land 1,Bullet 1,Connor,Sneox1,Round 2,BL G-4
Barrel Green-Land 2-Bullet 1-Connor-Sneox1-Round 2,Barrel Green,Land 2,Bullet 1,Connor,Sneox1,Round 2,BL G-5
Barrel Green-Land 3-Bullet 1-Connor-Sneox1-Round 2,Barrel Green,Land 3,Bullet 1,Connor,Sneox1,Round 2,BL G-6
Barrel Green-Land 4-Bullet 1-Connor-Sneox1-Round 2,Barrel Green,Land 4,Bullet 1,Connor,Sneox1,Round 2,BL G-1
Barrel Green-Land 5-Bullet 1-Connor-Sneox1-Round 2,Barrel Green,Land 5,Bullet 1,Connor,Sneox1,Round 2,BL G-2
Barrel Green-Land 6-Bullet 1-Connor-Sneox1-Round 2,Barrel Green,Land 6,Bullet 1,Connor,Sneox1,Round 2,BL G-3
Barrel Green-Land 1-Bullet 2-Connor-Sneox1-Round 2,Barrel Green,Land 1,Bullet 2,Connor,Sneox1,Round 2,BL G-2
Barrel Green-Land 2-Bullet 2-Connor-Sneox1-Round 2,Barrel Green,Land 2,Bullet 2,Connor,Sneox1,Round 2,BL G-3
Barrel Green-Land 3-Bullet 2-Connor-Sneox1-Round 2,Barrel Green,Land 3,Bullet 2,Connor,Sneox1,Round 2,BL G-4
Barrel Green-Land 4-Bullet 2-Connor-Sneox1-Round 2,Barrel Green,Land 4,Bullet 2,Connor,Sneox1,Round 2,BL G-5
Barrel Green-Land 5-Bullet 2-Connor-Sneox1-Round 2,Barrel Green,Land 5,Bullet 2,Connor,Sneox1,Round 2,BL G-6
Barrel Green-Land 6-Bullet 2-Connor-Sneox1-Round 2,Barrel Green,Land 6,Bullet 2,Connor,Sneox1,Round 2,BL G-1
Barrel Green-Land 1-Bullet 3-Connor-Sneox1-Round 2,Barrel Green,Land 1,Bullet 3,Connor,Sneox1,Round 2,BL G-3
Barrel Green-Land 2-Bullet 3-Connor-Sneox1-Round 2,Barrel Green,Land 2,Bullet 3,Connor,Sneox1,Round 2,BL G-4
Barrel Green-Land 3-Bullet 3-Connor-Sneox1-Round 2,Barrel Green,Land 3,Bullet 3,Connor,Sneox1,Round 2,BL G-5
Barrel Green-Land 4-Bullet 3-Connor-Sneox1-Round 2,Barrel Green,Land 4,Bullet 3,Connor,Sneox1,Round 2,BL G-6
Barrel Green-Land 5-Bullet 3-Connor-Sneox1-Round 2,Barrel Green,Land 5,Bullet 3,Connor,Sneox1,Round 2,BL G-1
Barrel Green-Land 6-Bullet 3-Connor-Sneox1-Round 2,Barrel Green,Land 6,Bullet 3,Connor,Sneox1,Round 2,BL G-2
Barrel Green-Land 1-Bullet 1-Connor-Sneox2-Round 2,Barrel Green,Land 1,Bullet 1,Connor,Sneox2,Round 2,BL G-5
Barrel Green-Land 2-Bullet 1-Connor-Sneox2-Round 2,Barrel Green,Land 2,Bullet 1,Connor,Sneox2,Round 2,BL G-6
Barrel Green-Land 3-Bullet 1-Connor-Sneox2-Round 2,Barrel Green,Land 3,Bullet 1,Connor,Sneox2,Round 2,BL G-1
Barrel Green-Land 4-Bullet 1-Connor-Sneox2-Round 2,Barrel Green,Land 4,Bullet 1,Connor,Sneox2,Round 2,BL G-2
Barrel Green-Land 5-Bullet 1-Connor-Sneox2-Round 2,Barrel Green,Land 5,Bullet 1,Connor,Sneox2,Round 2,BL G-3
Barrel Green-Land 6-Bullet 1-Connor-Sneox2-Round 2,Barrel Green,Land 6,Bullet 1,Connor,Sneox2,Round 2,BL G-4
Barrel Green-Land 1-Bullet 2-Connor-Sneox2-Round 2,Barrel Green,Land 1,Bullet 2,Connor,Sneox2,Round 2,BL G-2
Barrel Green-Land 2-Bullet 2-Connor-Sneox2-Round 2,Barrel Green,Land 2,Bullet 2,Connor,Sneox2,Round 2,BL G-3
Barrel Green-Land 3-Bullet 2-Connor-Sneox2-Round 2,Barrel Green,Land 3,Bullet 2,Connor,Sneox2,Round 2,BL G-4
Barrel Green-Land 4-Bullet 2-Connor-Sneox2-Round 2,Barrel Green,Land 4,Bullet 2,Connor,Sneox2,Round 2,BL G-5
Barrel Green-Land 5-Bullet 2-Connor-Sneox2-Round 2,Barrel Green,Land 5,Bullet 2,Connor,Sneox2,Round 2,BL G-6
Barrel Green-Land 6-Bullet 2-Connor-Sneox2-Round 2,Barrel Green,Land 6,Bullet 2,Connor,Sneox2,Round 2,BL G-1
Barrel Green-Land 1-Bullet 3-Connor-Sneox2-Round 2,Barrel Green,Land 1,Bullet 3,Connor,Sneox2,Round 2,BL G-2
Barrel Green-Land 2-Bullet 3-Connor-Sneox2-Round 2,Barrel Green,Land 2,Bullet 3,Connor,Sneox2,Round 2,BL G-3
Barrel Green-Land 3-Bullet 3-Connor-Sneox2-Round 2,Barrel Green,Land 3,Bullet 3,Connor,Sneox2,Round 2,BL G-4
Barrel Green-Land 4-Bullet 3-Connor-Sneox2-Round 2,Barrel Green,Land 4,Bullet 3,Connor,Sneox2,Round 2,BL G-5
Barrel Green-Land 5-Bullet 3-Connor-Sneox2-Round 2,Barrel Green,Land 5,Bullet 3,Connor,Sneox2,Round 2,BL G-6
Barrel Green-Land 6-Bullet 3-Connor-Sneox2-Round 2,Barrel Green,Land 6,Bullet 3,Connor,Sneox2,Round 2,BL G-1
Barrel Green-Land 1-Bullet 1-Mya-Sneox1-Round 2,Barrel Green,Land 1,Bullet 1,Mya,Sneox1,Round 2,BL G-3
Barrel Green-Land 2-Bullet 1-Mya-Sneox1-Round 2,Barrel Green,Land 2,Bullet 1,Mya,Sneox1,Round 2,BL G-4
Barrel Green-Land 3-Bullet 1-Mya-Sneox1-Round 2,Barrel Green,Land 3,Bullet 1,Mya,Sneox1,Round 2,BL G-5
Barrel Green-Land 4-Bullet 1-Mya-Sneox1-Round 2,Barrel Green,Land 4,Bullet 1,Mya,Sneox1,Round 2,BL G-6
Barrel Green-Land 5-Bullet 1-Mya-Sneox1-Round 2,Barrel Green,Land 5,Bullet 1,Mya,Sneox1,Round 2,BL G-1
Barrel Green-Land 6-Bullet 1-Mya-Sneox1-Round 2,Barrel Green,Land 6,Bullet 1,Mya,Sneox1,Round 2,BL G-2
Barrel Green-Land 1-Bullet 2-Mya-Sneox1-Round 2,Barrel Green,Land 1,Bullet 2,Mya,Sneox1,Round 2,BL G-5
Barrel Green-Land 2-Bullet 2-Mya-Sneox1-Round 2,Barrel Green,Land 2,Bullet 2,Mya,Sneox1,Round 2,BL G-6
Barrel Green-Land 3-Bullet 2-Mya-Sneox1-Round 2,Barrel Green,Land 3,Bullet 2,Mya,Sneox1,Round 2,BL G-1
Barrel Green-Land 4-Bullet 2-Mya-Sneox1-Round 2,Barrel Green,Land 4,Bullet 2,Mya,Sneox1,Round 2,BL G-2
Barrel Green-Land 5-Bullet 2-Mya-Sneox1-Round 2,Barrel Green,Land 5,Bullet 2,Mya,Sneox1,Round 2,BL G-3
Barrel Green-Land 6-Bullet 2-Mya-Sneox1-Round 2,Barrel Green,Land 6,Bullet 2,Mya,Sneox1,Round 2,BL G-4
Barrel Green-Land 1-Bullet 3-Mya-Sneox1-Round 2,Barrel Green,Land 1,Bullet 3,Mya,Sneox1,Round 2,BL G-1
Barrel Green-Land 2-Bullet 3-Mya-Sneox1-Round 2,Barrel Green,Land 2,Bullet 3,Mya,Sneox1,Round 2,BL G-2
Barrel Green-Land 3-Bullet 3-Mya-Sneox1-Round 2,Barrel Green,Land 3,Bullet 3,Mya,Sneox1,Round 2,BL G-3
Barrel Green-Land 4-Bullet 3-Mya-Sneox1-Round 2,Barrel Green,Land 4,Bullet 3,Mya,Sneox1,Round 2,BL G-4
Barrel Green-Land 5-Bullet 3-Mya-Sneox1-Round 2,Barrel Green,Land 5,Bullet 3,Mya,Sneox1,Round 2,BL G-5
Barrel Green-Land 6-Bullet 3-Mya-Sneox1-Round 2,Barrel Green,Land 6,Bullet 3,Mya,Sneox1,Round 2,BL G-6
Barrel Green-Land 1-Bullet 1-Mya-Sneox2-Round 2,Barrel Green,Land 1,Bullet 1,Mya,Sneox2,Round 2,BL G-6
Barrel Green-Land 2-Bullet 1-Mya-Sneox2-Round 2,Barrel Green,Land 2,Bullet 1,Mya,Sneox2,Round 2,BL G-1
Barrel Green-Land 3-Bullet 1-Mya-Sneox2-Round 2,Barrel Green,Land 3,Bullet 1,Mya,Sneox2,Round 2,BL G-2
Barrel Green-Land 4-Bullet 1-Mya-Sneox2-Round 2,Barrel Green,Land 4,Bullet 1,Mya,Sneox2,Round 2,BL G-3
Barrel Green-Land 5-Bullet 1-Mya-Sneox2-Round 2,Barrel Green,Land 5,Bullet 1,Mya,Sneox2,Round 2,BL G-4
Barrel Green-Land 6-Bullet 1-Mya-Sneox2-Round 2,Barrel Green,Land 6,Bullet 1,Mya,Sneox2,Round 2,BL G-5
Barrel Green-Land 1-Bullet 2-Mya-Sneox2-Round 2,Barrel Green,Land 1,Bullet 2,Mya,Sneox2,Round 2,BL G-3
Barrel Green-Land 2-Bullet 2-Mya-Sneox2-Round 2,Barrel Green,Land 2,Bullet 2,Mya,Sneox2,Round 2,BL G-4
Barrel Green-Land 3-Bullet 2-Mya-Sneox2-Round 2,Barrel Green,Land 3,Bullet 2,Mya,Sneox2,Round 2,BL G-5
Barrel Green-Land 4-Bullet 2-Mya-Sneox2-Round 2,Barrel Green,Land 4,Bullet 2,Mya,Sneox2,Round 2,BL G-6
Barrel Green-Land 5-Bullet 2-Mya-Sneox2-Round 2,Barrel Green,Land 5,Bullet 2,Mya,Sneox2,Round 2,BL G-1
Barrel Green-Land 6-Bullet 2-Mya-Sneox2-Round 2,Barrel Green,Land 6,Bullet 2,Mya,Sneox2,Round 2,BL G-2
Barrel Green-Land 1-Bullet 3-Mya-Sneox2-Round 2,Barrel Green,Land 1,Bullet 3,Mya,Sneox2,Round 2,BL G-2
Barrel Green-Land 2-Bullet 3-Mya-Sneox2-Round 2,Barrel Green,Land 2,Bullet 3,Mya,Sneox2,Round 2,BL G-3
Barrel Green-Land 3-Bullet 3-Mya-Sneox2-Round 2,Barrel Green,Land 3,Bullet 3,Mya,Sneox2,Round 2,BL G-4
Barrel Green-Land 4-Bullet 3-Mya-Sneox2-Round 2,Barrel Green,Land 4,Bullet 3,Mya,Sneox2,Round 2,BL G-5
Barrel Green-Land 5-Bullet 3-Mya-Sneox2-Round 2,Barrel Green,Land 5,Bullet 3,Mya,Sneox2,Round 2,BL G-6
Barrel Green-Land 6-Bullet 3-Mya-Sneox2-Round 2,Barrel Green,Land 6,Bullet 3,Mya,Sneox2,Round 2,BL G-1
Barrel Green-Land 1-Bullet 1-Allison-Sneox1-Round 3,Barrel Green,Land 1,Bullet 1,Allison,Sneox1,Round 3,BL G-2
Barrel Green-Land 2-Bullet 1-Allison-Sneox1-Round 3,Barrel Green,Land 2,Bullet 1,Allison,Sneox1,Round 3,BL G-3
Barrel Green-Land 3-Bullet 1-Allison-Sneox1-Round 3,Barrel Green,Land 3,Bullet 1,Allison,Sneox1,Round 3,BL G-4
Barrel Green-Land 4-Bullet 1-Allison-Sneox1-Round 3,Barrel Green,Land 4,Bullet 1,Allison,Sneox1,Round 3,BL G-5
Barrel Green-Land 5-Bullet 1-Allison-Sneox1-Round 3,Barrel Green,Land 5,Bullet 1,Allison,Sneox1,Round 3,BL G-6
Barrel Green-Land 6-Bullet 1-Allison-Sneox1-Round 3,Barrel Green,Land 6,Bullet 1,Allison,Sneox1,Round 3,BL G-1
Barrel Green-Land 1-Bullet 2-Allison-Sneox1-Round 3,Barrel Green,Land 1,Bullet 2,Allison,Sneox1,Round 3,BL G-3
Barrel Green-Land 2-Bullet 2-Allison-Sneox1-Round 3,Barrel Green,Land 2,Bullet 2,Allison,Sneox1,Round 3,BL G-4
Barrel Green-Land 3-Bullet 2-Allison-Sneox1-Round 3,Barrel Green,Land 3,Bullet 2,Allison,Sneox1,Round 3,BL G-5
Barrel Green-Land 4-Bullet 2-Allison-Sneox1-Round 3,Barrel Green,Land 4,Bullet 2,Allison,Sneox1,Round 3,BL G-6
Barrel Green-Land 5-Bullet 2-Allison-Sneox1-Round 3,Barrel Green,Land 5,Bullet 2,Allison,Sneox1,Round 3,BL G-1
Barrel Green-Land 6-Bullet 2-Allison-Sneox1-Round 3,Barrel Green,Land 6,Bullet 2,Allison,Sneox1,Round 3,BL G-2
Barrel Green-Land 1-Bullet 3-Allison-Sneox1-Round 3,Barrel Green,Land 1,Bullet 3,Allison,Sneox1,Round 3,BL G-6
Barrel Green-Land 2-Bullet 3-Allison-Sneox1-Round 3,Barrel Green,Land 2,Bullet 3,Allison,Sneox1,Round 3,BL G-1
Barrel Green-Land 3-Bullet 3-Allison-Sneox1-Round 3,Barrel Green,Land 3,Bullet 3,Allison,Sneox1,Round 3,BL G-2
Barrel Green-Land 4-Bullet 3-Allison-Sneox1-Round 3,Barrel Green,Land 4,Bullet 3,Allison,Sneox1,Round 3,BL G-3
Barrel Green-Land 5-Bullet 3-Allison-Sneox1-Round 3,Barrel Green,Land 5,Bullet 3,Allison,Sneox1,Round 3,BL G-4
Barrel Green-Land 6-Bullet 3-Allison-Sneox1-Round 3,Barrel Green,Land 6,Bullet 3,Allison,Sneox1,Round 3,BL G-5
Barrel Green-Land 1-Bullet 1-Allison-Sneox2-Round 3,Barrel Green,Land 1,Bullet 1,Allison,Sneox2,Round 3,BL G-3
Barrel Green-Land 2-Bullet 1-Allison-Sneox2-Round 3,Barrel Green,Land 2,Bullet 1,Allison,Sneox2,Round 3,BL G-4
Barrel Green-Land 3-Bullet 1-Allison-Sneox2-Round 3,Barrel Green,Land 3,Bullet 1,Allison,Sneox2,Round 3,BL G-5
Barrel Green-Land 4-Bullet 1-Allison-Sneox2-Round 3,Barrel Green,Land 4,Bullet 1,Allison,Sneox2,Round 3,BL G-6
Barrel Green-Land 5-Bullet 1-Allison-Sneox2-Round 3,Barrel Green,Land 5,Bullet 1,Allison,Sneox2,Round 3,BL G-1
Barrel Green-Land 6-Bullet 1-Allison-Sneox2-Round 3,Barrel Green,Land 6,Bullet 1,Allison,Sneox2,Round 3,BL G-2
Barrel Green-Land 1-Bullet 2-Allison-Sneox2-Round 3,Barrel Green,Land 1,Bullet 2,Allison,Sneox2,Round 3,BL G-3
Barrel Green-Land 2-Bullet 2-Allison-Sneox2-Round 3,Barrel Green,Land 2,Bullet 2,Allison,Sneox2,Round 3,BL G-4
Barrel Green-Land 3-Bullet 2-Allison-Sneox2-Round 3,Barrel Green,Land 3,Bullet 2,Allison,Sneox2,Round 3,BL G-5
Barrel Green-Land 4-Bullet 2-Allison-Sneox2-Round 3,Barrel Green,Land 4,Bullet 2,Allison,Sneox2,Round 3,BL G-6
Barrel Green-Land 5-Bullet 2-Allison-Sneox2-Round 3,Barrel Green,Land 5,Bullet 2,Allison,Sneox2,Round 3,BL G-1
Barrel Green-Land 6-Bullet 2-Allison-Sneox2-Round 3,Barrel Green,Land 6,Bullet 2,Allison,Sneox2,Round 3,BL G-2
Barrel Green-Land 1-Bullet 3-Allison-Sneox2-Round 3,Barrel Green,Land 1,Bullet 3,Allison,Sneox2,Round 3,BL G-3
Barrel Green-Land 2-Bullet 3-Allison-Sneox2-Round 3,Barrel Green,Land 2,Bullet 3,Allison,Sneox2,Round 3,BL G-4
Barrel Green-Land 3-Bullet 3-Allison-Sneox2-Round 3,Barrel Green,Land 3,Bullet 3,Allison,Sneox2,Round 3,BL G-5
Barrel Green-Land 4-Bullet 3-Allison-Sneox2-Round 3,Barrel Green,Land 4,Bullet 3,Allison,Sneox2,Round 3,BL G-6
Barrel Green-Land 5-Bullet 3-Allison-Sneox2-Round 3,Barrel Green,Land 5,Bullet 3,Allison,Sneox2,Round 3,BL G-1
Barrel Green-Land 6-Bullet 3-Allison-Sneox2-Round 3,Barrel Green,Land 6,Bullet 3,Allison,Sneox2,Round 3,BL G-2
Barrel Green-Land 1-Bullet 1-Anyesha-Sneox1-Round 3,Barrel Green,Land 1,Bullet 1,Anyesha,Sneox1,Round 3,BL G-6
Barrel Green-Land 2-Bullet 1-Anyesha-Sneox1-Round 3,Barrel Green,Land 2,Bullet 1,Anyesha,Sneox1,Round 3,BL G-1
Barrel Green-Land 3-Bullet 1-Anyesha-Sneox1-Round 3,Barrel Green,Land 3,Bullet 1,Anyesha,Sneox1,Round 3,BL G-2
Barrel Green-Land 4-Bullet 1-Anyesha-Sneox1-Round 3,Barrel Green,Land 4,Bullet 1,Anyesha,Sneox1,Round 3,BL G-3
Barrel Green-Land 5-Bullet 1-Anyesha-Sneox1-Round 3,Barrel Green,Land 5,Bullet 1,Anyesha,Sneox1,Round 3,BL G-4
Barrel Green-Land 6-Bullet 1-Anyesha-Sneox1-Round 3,Barrel Green,Land 6,Bullet 1,Anyesha,Sneox1,Round 3,BL G-5
Barrel Green-Land 1-Bullet 2-Anyesha-Sneox1-Round 3,Barrel Green,Land 1,Bullet 2,Anyesha,Sneox1,Round 3,BL G-2
Barrel Green-Land 2-Bullet 2-Anyesha-Sneox1-Round 3,Barrel Green,Land 2,Bullet 2,Anyesha,Sneox1,Round 3,BL G-3
Barrel Green-Land 3-Bullet 2-Anyesha-Sneox1-Round 3,Barrel Green,Land 3,Bullet 2,Anyesha,Sneox1,Round 3,BL G-4
Barrel Green-Land 4-Bullet 2-Anyesha-Sneox1-Round 3,Barrel Green,Land 4,Bullet 2,Anyesha,Sneox1,Round 3,BL G-5
Barrel Green-Land 5-Bullet 2-Anyesha-Sneox1-Round 3,Barrel Green,Land 5,Bullet 2,Anyesha,Sneox1,Round 3,BL G-6
Barrel Green-Land 6-Bullet 2-Anyesha-Sneox1-Round 3,Barrel Green,Land 6,Bullet 2,Anyesha,Sneox1,Round 3,BL G-1
Barrel Green-Land 1-Bullet 3-Anyesha-Sneox1-Round 3,Barrel Green,Land 1,Bullet 3,Anyesha,Sneox1,Round 3,BL G-3
Barrel Green-Land 2-Bullet 3-Anyesha-Sneox1-Round 3,Barrel Green,Land 2,Bullet 3,Anyesha,Sneox1,Round 3,BL G-4
Barrel Green-Land 3-Bullet 3-Anyesha-Sneox1-Round 3,Barrel Green,Land 3,Bullet 3,Anyesha,Sneox1,Round 3,BL G-5
Barrel Green-Land 4-Bullet 3-Anyesha-Sneox1-Round 3,Barrel Green,Land 4,Bullet 3,Anyesha,Sneox1,Round 3,BL G-6
Barrel Green-Land 5-Bullet 3-Anyesha-Sneox1-Round 3,Barrel Green,Land 5,Bullet 3,Anyesha,Sneox1,Round 3,BL G-1
Barrel Green-Land 6-Bullet 3-Anyesha-Sneox1-Round 3,Barrel Green,Land 6,Bullet 3,Anyesha,Sneox1,Round 3,BL G-2
Barrel Green-Land 1-Bullet 1-Anyesha-Sneox2-Round 3,Barrel Green,Land 1,Bullet 1,Anyesha,Sneox2,Round 3,BL G-6
Barrel Green-Land 2-Bullet 1-Anyesha-Sneox2-Round 3,Barrel Green,Land 2,Bullet 1,Anyesha,Sneox2,Round 3,BL G-1
Barrel Green-Land 3-Bullet 1-Anyesha-Sneox2-Round 3,Barrel Green,Land 3,Bullet 1,Anyesha,Sneox2,Round 3,BL G-2
Barrel Green-Land 4-Bullet 1-Anyesha-Sneox2-Round 3,Barrel Green,Land 4,Bullet 1,Anyesha,Sneox2,Round 3,BL G-3
Barrel Green-Land 5-Bullet 1-Anyesha-Sneox2-Round 3,Barrel Green,Land 5,Bullet 1,Anyesha,Sneox2,Round 3,BL G-4
Barrel Green-Land 6-Bullet 1-Anyesha-Sneox2-Round 3,Barrel Green,Land 6,Bullet 1,Anyesha,Sneox2,Round 3,BL G-5
Barrel Green-Land 1-Bullet 2-Anyesha-Sneox2-Round 3,Barrel Green,Land 1,Bullet 2,Anyesha,Sneox2,Round 3,BL G-2
Barrel Green-Land 2-Bullet 2-Anyesha-Sneox2-Round 3,Barrel Green,Land 2,Bullet 2,Anyesha,Sneox2,Round 3,BL G-3
Barrel Green-Land 3-Bullet 2-Anyesha-Sneox2-Round 3,Barrel Green,Land 3,Bullet 2,Anyesha,Sneox2,Round 3,BL G-4
Barrel Green-Land 4-Bullet 2-Anyesha-Sneox2-Round 3,Barrel Green,Land 4,Bullet 2,Anyesha,Sneox2,Round 3,BL G-5
Barrel Green-Land 5-Bullet 2-Anyesha-Sneox2-Round 3,Barrel Green,Land 5,Bullet 2,Anyesha,Sneox2,Round 3,BL G-6
Barrel Green-Land 6-Bullet 2-Anyesha-Sneox2-Round 3,Barrel Green,Land 6,Bullet 2,Anyesha,Sneox2,Round 3,BL G-1
Barrel Green-Land 1-Bullet 3-Anyesha-Sneox2-Round 3,Barrel Green,Land 1,Bullet 3,Anyesha,Sneox2,Round 3,BL G-4
Barrel Green-Land 2-Bullet 3-Anyesha-Sneox2-Round 3,Barrel Green,Land 2,Bullet 3,Anyesha,Sneox2,Round 3,BL G-5
Barrel Green-Land 3-Bullet 3-Anyesha-Sneox2-Round 3,Barrel Green,Land 3,Bullet 3,Anyesha,Sneox2,Round 3,BL G-6
Barrel Green-Land 4-Bullet 3-Anyesha-Sneox2-Round 3,Barrel Green,Land 4,Bullet 3,Anyesha,Sneox2,Round 3,BL G-1
Barrel Green-Land 5-Bullet 3-Anyesha-Sneox2-Round 3,Barrel Green,Land 5,Bullet 3,Anyesha,Sneox2,Round 3,BL G-2
Barrel Green-Land 6-Bullet 3-Anyesha-Sneox2-Round 3,Barrel Green,Land 6,Bullet 3,Anyesha,Sneox2,Round 3,BL G-3
Barrel Green-Land 1-Bullet 1-Carley-Sneox1-Round 3,Barrel Green,Land 1,Bullet 1,Carley,Sneox1,Round 3,BL G-6
Barrel Green-Land 2-Bullet 1-Carley-Sneox1-Round 3,Barrel Green,Land 2,Bullet 1,Carley,Sneox1,Round 3,BL G-1
Barrel Green-Land 3-Bullet 1-Carley-Sneox1-Round 3,Barrel Green,Land 3,Bullet 1,Carley,Sneox1,Round 3,BL G-2
Barrel Green-Land 4-Bullet 1-Carley-Sneox1-Round 3,Barrel Green,Land 4,Bullet 1,Carley,Sneox1,Round 3,BL G-3
Barrel Green-Land 5-Bullet 1-Carley-Sneox1-Round 3,Barrel Green,Land 5,Bullet 1,Carley,Sneox1,Round 3,BL G-4
Barrel Green-Land 6-Bullet 1-Carley-Sneox1-Round 3,Barrel Green,Land 6,Bullet 1,Carley,Sneox1,Round 3,BL G-5
Barrel Green-Land 1-Bullet 2-Carley-Sneox1-Round 3,Barrel Green,Land 1,Bullet 2,Carley,Sneox1,Round 3,BL G-5
Barrel Green-Land 2-Bullet 2-Carley-Sneox1-Round 3,Barrel Green,Land 2,Bullet 2,Carley,Sneox1,Round 3,BL G-6
Barrel Green-Land 3-Bullet 2-Carley-Sneox1-Round 3,Barrel Green,Land 3,Bullet 2,Carley,Sneox1,Round 3,BL G-1
Barrel Green-Land 4-Bullet 2-Carley-Sneox1-Round 3,Barrel Green,Land 4,Bullet 2,Carley,Sneox1,Round 3,BL G-2
Barrel Green-Land 5-Bullet 2-Carley-Sneox1-Round 3,Barrel Green,Land 5,Bullet 2,Carley,Sneox1,Round 3,BL G-3
Barrel Green-Land 6-Bullet 2-Carley-Sneox1-Round 3,Barrel Green,Land 6,Bullet 2,Carley,Sneox1,Round 3,BL G-4
Barrel Green-Land 1-Bullet 3-Carley-Sneox1-Round 3,Barrel Green,Land 1,Bullet 3,Carley,Sneox1,Round 3,NA
Barrel Green-Land 2-Bullet 3-Carley-Sneox1-Round 3,Barrel Green,Land 2,Bullet 3,Carley,Sneox1,Round 3,NA
Barrel Green-Land 3-Bullet 3-Carley-Sneox1-Round 3,Barrel Green,Land 3,Bullet 3,Carley,Sneox1,Round 3,NA
Barrel Green-Land 4-Bullet 3-Carley-Sneox1-Round 3,Barrel Green,Land 4,Bullet 3,Carley,Sneox1,Round 3,NA
Barrel Green-Land 5-Bullet 3-Carley-Sneox1-Round 3,Barrel Green,Land 5,Bullet 3,Carley,Sneox1,Round 3,NA
Barrel Green-Land 6-Bullet 3-Carley-Sneox1-Round 3,Barrel Green,Land 6,Bullet 3,Carley,Sneox1,Round 3,NA
Barrel Green-Land 1-Bullet 1-Carley-Sneox2-Round 3,Barrel Green,Land 1,Bullet 1,Carley,Sneox2,Round 3,BL G-6
Barrel Green-Land 2-Bullet 1-Carley-Sneox2-Round 3,Barrel Green,Land 2,Bullet 1,Carley,Sneox2,Round 3,BL G-1
Barrel Green-Land 3-Bullet 1-Carley-Sneox2-Round 3,Barrel Green,Land 3,Bullet 1,Carley,Sneox2,Round 3,BL G-2
Barrel Green-Land 4-Bullet 1-Carley-Sneox2-Round 3,Barrel Green,Land 4,Bullet 1,Carley,Sneox2,Round 3,BL G-3
Barrel Green-Land 5-Bullet 1-Carley-Sneox2-Round 3,Barrel Green,Land 5,Bullet 1,Carley,Sneox2,Round 3,BL G-4
Barrel Green-Land 6-Bullet 1-Carley-Sneox2-Round 3,Barrel Green,Land 6,Bullet 1,Carley,Sneox2,Round 3,BL G-5
Barrel Green-Land 1-Bullet 2-Carley-Sneox2-Round 3,Barrel Green,Land 1,Bullet 2,Carley,Sneox2,Round 3,BL G-6
Barrel Green-Land 2-Bullet 2-Carley-Sneox2-Round 3,Barrel Green,Land 2,Bullet 2,Carley,Sneox2,Round 3,BL G-1
Barrel Green-Land 3-Bullet 2-Carley-Sneox2-Round 3,Barrel Green,Land 3,Bullet 2,Carley,Sneox2,Round 3,BL G-2
Barrel Green-Land 4-Bullet 2-Carley-Sneox2-Round 3,Barrel Green,Land 4,Bullet 2,Carley,Sneox2,Round 3,BL G-3
Barrel Green-Land 5-Bullet 2-Carley-Sneox2-Round 3,Barrel Green,Land 5,Bullet 2,Carley,Sneox2,Round 3,BL G-4
Barrel Green-Land 6-Bullet 2-Carley-Sneox2-Round 3,Barrel Green,Land 6,Bullet 2,Carley,Sneox2,Round 3,BL G-5
Barrel Green-Land 1-Bullet 3-Carley-Sneox2-Round 3,Barrel Green,Land 1,Bullet 3,Carley,Sneox2,Round 3,BL G-6
Barrel Green-Land 2-Bullet 3-Carley-Sneox2-Round 3,Barrel Green,Land 2,Bullet 3,Carley,Sneox2,Round 3,BL G-1
Barrel Green-Land 3-Bullet 3-Carley-Sneox2-Round 3,Barrel Green,Land 3,Bullet 3,Carley,Sneox2,Round 3,BL G-2
Barrel Green-Land 4-Bullet 3-Carley-Sneox2-Round 3,Barrel Green,Land 4,Bullet 3,Carley,Sneox2,Round 3,BL G-3
Barrel Green-Land 5-Bullet 3-Carley-Sneox2-Round 3,Barrel Green,Land 5,Bullet 3,Carley,Sneox2,Round 3,BL G-4
Barrel Green-Land 6-Bullet 3-Carley-Sneox2-Round 3,Barrel Green,Land 6,Bullet 3,Carley,Sneox2,Round 3,BL G-5
Barrel Green-Land 1-Bullet 1-Connor-Sneox1-Round 3,Barrel Green,Land 1,Bullet 1,Connor,Sneox1,Round 3,BL G-5
Barrel Green-Land 2-Bullet 1-Connor-Sneox1-Round 3,Barrel Green,Land 2,Bullet 1,Connor,Sneox1,Round 3,BL G-6
Barrel Green-Land 3-Bullet 1-Connor-Sneox1-Round 3,Barrel Green,Land 3,Bullet 1,Connor,Sneox1,Round 3,BL G-1
Barrel Green-Land 4-Bullet 1-Connor-Sneox1-Round 3,Barrel Green,Land 4,Bullet 1,Connor,Sneox1,Round 3,BL G-2
Barrel Green-Land 5-Bullet 1-Connor-Sneox1-Round 3,Barrel Green,Land 5,Bullet 1,Connor,Sneox1,Round 3,BL G-3
Barrel Green-Land 6-Bullet 1-Connor-Sneox1-Round 3,Barrel Green,Land 6,Bullet 1,Connor,Sneox1,Round 3,BL G-4
Barrel Green-Land 1-Bullet 2-Connor-Sneox1-Round 3,Barrel Green,Land 1,Bullet 2,Connor,Sneox1,Round 3,BL G-5
Barrel Green-Land 2-Bullet 2-Connor-Sneox1-Round 3,Barrel Green,Land 2,Bullet 2,Connor,Sneox1,Round 3,BL G-6
Barrel Green-Land 3-Bullet 2-Connor-Sneox1-Round 3,Barrel Green,Land 3,Bullet 2,Connor,Sneox1,Round 3,BL G-1
Barrel Green-Land 4-Bullet 2-Connor-Sneox1-Round 3,Barrel Green,Land 4,Bullet 2,Connor,Sneox1,Round 3,BL G-2
Barrel Green-Land 5-Bullet 2-Connor-Sneox1-Round 3,Barrel Green,Land 5,Bullet 2,Connor,Sneox1,Round 3,BL G-3
Barrel Green-Land 6-Bullet 2-Connor-Sneox1-Round 3,Barrel Green,Land 6,Bullet 2,Connor,Sneox1,Round 3,BL G-4
Barrel Green-Land 1-Bullet 3-Connor-Sneox1-Round 3,Barrel Green,Land 1,Bullet 3,Connor,Sneox1,Round 3,BL G-4
Barrel Green-Land 2-Bullet 3-Connor-Sneox1-Round 3,Barrel Green,Land 2,Bullet 3,Connor,Sneox1,Round 3,BL G-5
Barrel Green-Land 3-Bullet 3-Connor-Sneox1-Round 3,Barrel Green,Land 3,Bullet 3,Connor,Sneox1,Round 3,BL G-6
Barrel Green-Land 4-Bullet 3-Connor-Sneox1-Round 3,Barrel Green,Land 4,Bullet 3,Connor,Sneox1,Round 3,BL G-1
Barrel Green-Land 5-Bullet 3-Connor-Sneox1-Round 3,Barrel Green,Land 5,Bullet 3,Connor,Sneox1,Round 3,BL G-2
Barrel Green-Land 6-Bullet 3-Connor-Sneox1-Round 3,Barrel Green,Land 6,Bullet 3,Connor,Sneox1,Round 3,BL G-3
Barrel Green-Land 1-Bullet 1-Connor-Sneox2-Round 3,Barrel Green,Land 1,Bullet 1,Connor,Sneox2,Round 3,BL G-3
Barrel Green-Land 2-Bullet 1-Connor-Sneox2-Round 3,Barrel Green,Land 2,Bullet 1,Connor,Sneox2,Round 3,BL G-4
Barrel Green-Land 3-Bullet 1-Connor-Sneox2-Round 3,Barrel Green,Land 3,Bullet 1,Connor,Sneox2,Round 3,BL G-5
Barrel Green-Land 4-Bullet 1-Connor-Sneox2-Round 3,Barrel Green,Land 4,Bullet 1,Connor,Sneox2,Round 3,BL G-6
Barrel Green-Land 5-Bullet 1-Connor-Sneox2-Round 3,Barrel Green,Land 5,Bullet 1,Connor,Sneox2,Round 3,BL G-1
Barrel Green-Land 6-Bullet 1-Connor-Sneox2-Round 3,Barrel Green,Land 6,Bullet 1,Connor,Sneox2,Round 3,BL G-2
Barrel Green-Land 1-Bullet 2-Connor-Sneox2-Round 3,Barrel Green,Land 1,Bullet 2,Connor,Sneox2,Round 3,BL G-4
Barrel Green-Land 2-Bullet 2-Connor-Sneox2-Round 3,Barrel Green,Land 2,Bullet 2,Connor,Sneox2,Round 3,BL G-5
Barrel Green-Land 3-Bullet 2-Connor-Sneox2-Round 3,Barrel Green,Land 3,Bullet 2,Connor,Sneox2,Round 3,BL G-6
Barrel Green-Land 4-Bullet 2-Connor-Sneox2-Round 3,Barrel Green,Land 4,Bullet 2,Connor,Sneox2,Round 3,BL G-1
Barrel Green-Land 5-Bullet 2-Connor-Sneox2-Round 3,Barrel Green,Land 5,Bullet 2,Connor,Sneox2,Round 3,BL G-2
Barrel Green-Land 6-Bullet 2-Connor-Sneox2-Round 3,Barrel Green,Land 6,Bullet 2,Connor,Sneox2,Round 3,BL G-3
Barrel Green-Land 1-Bullet 3-Connor-Sneox2-Round 3,Barrel Green,Land 1,Bullet 3,Connor,Sneox2,Round 3,BL G-3
Barrel Green-Land 2-Bullet 3-Connor-Sneox2-Round 3,Barrel Green,Land 2,Bullet 3,Connor,Sneox2,Round 3,BL G-4
Barrel Green-Land 3-Bullet 3-Connor-Sneox2-Round 3,Barrel Green,Land 3,Bullet 3,Connor,Sneox2,Round 3,BL G-5
Barrel Green-Land 4-Bullet 3-Connor-Sneox2-Round 3,Barrel Green,Land 4,Bullet 3,Connor,Sneox2,Round 3,BL G-6
Barrel Green-Land 5-Bullet 3-Connor-Sneox2-Round 3,Barrel Green,Land 5,Bullet 3,Connor,Sneox2,Round 3,BL G-1
Barrel Green-Land 6-Bullet 3-Connor-Sneox2-Round 3,Barrel Green,Land 6,Bullet 3,Connor,Sneox2,Round 3,BL G-2
Barrel Green-Land 1-Bullet 1-Mya-Sneox1-Round 3,Barrel Green,Land 1,Bullet 1,Mya,Sneox1,Round 3,BL G-3
Barrel Green-Land 2-Bullet 1-Mya-Sneox1-Round 3,Barrel Green,Land 2,Bullet 1,Mya,Sneox1,Round 3,BL G-4
Barrel Green-Land 3-Bullet 1-Mya-Sneox1-Round 3,Barrel Green,Land 3,Bullet 1,Mya,Sneox1,Round 3,BL G-5
Barrel Green-Land 4-Bullet 1-Mya-Sneox1-Round 3,Barrel Green,Land 4,Bullet 1,Mya,Sneox1,Round 3,BL G-6
Barrel Green-Land 5-Bullet 1-Mya-Sneox1-Round 3,Barrel Green,Land 5,Bullet 1,Mya,Sneox1,Round 3,BL G-1
Barrel Green-Land 6-Bullet 1-Mya-Sneox1-Round 3,Barrel Green,Land 6,Bullet 1,Mya,Sneox1,Round 3,BL G-2
Barrel Green-Land 1-Bullet 2-Mya-Sneox1-Round 3,Barrel Green,Land 1,Bullet 2,Mya,Sneox1,Round 3,BL G-2
Barrel Green-Land 2-Bullet 2-Mya-Sneox1-Round 3,Barrel Green,Land 2,Bullet 2,Mya,Sneox1,Round 3,BL G-3
Barrel Green-Land 3-Bullet 2-Mya-Sneox1-Round 3,Barrel Green,Land 3,Bullet 2,Mya,Sneox1,Round 3,BL G-4
Barrel Green-Land 4-Bullet 2-Mya-Sneox1-Round 3,Barrel Green,Land 4,Bullet 2,Mya,Sneox1,Round 3,BL G-5
Barrel Green-Land 5-Bullet 2-Mya-Sneox1-Round 3,Barrel Green,Land 5,Bullet 2,Mya,Sneox1,Round 3,BL G-6
Barrel Green-Land 6-Bullet 2-Mya-Sneox1-Round 3,Barrel Green,Land 6,Bullet 2,Mya,Sneox1,Round 3,BL G-1
Barrel Green-Land 1-Bullet 3-Mya-Sneox1-Round 3,Barrel Green,Land 1,Bullet 3,Mya,Sneox1,Round 3,BL G-6
Barrel Green-Land 2-Bullet 3-Mya-Sneox1-Round 3,Barrel Green,Land 2,Bullet 3,Mya,Sneox1,Round 3,BL G-1
Barrel Green-Land 3-Bullet 3-Mya-Sneox1-Round 3,Barrel Green,Land 3,Bullet 3,Mya,Sneox1,Round 3,BL G-2
Barrel Green-Land 4-Bullet 3-Mya-Sneox1-Round 3,Barrel Green,Land 4,Bullet 3,Mya,Sneox1,Round 3,BL G-3
Barrel Green-Land 5-Bullet 3-Mya-Sneox1-Round 3,Barrel Green,Land 5,Bullet 3,Mya,Sneox1,Round 3,BL G-4
Barrel Green-Land 6-Bullet 3-Mya-Sneox1-Round 3,Barrel Green,Land 6,Bullet 3,Mya,Sneox1,Round 3,BL G-5
Barrel Green-Land 1-Bullet 1-Mya-Sneox2-Round 3,Barrel Green,Land 1,Bullet 1,Mya,Sneox2,Round 3,BL G-2
Barrel Green-Land 2-Bullet 1-Mya-Sneox2-Round 3,Barrel Green,Land 2,Bullet 1,Mya,Sneox2,Round 3,BL G-3
Barrel Green-Land 3-Bullet 1-Mya-Sneox2-Round 3,Barrel Green,Land 3,Bullet 1,Mya,Sneox2,Round 3,BL G-4
Barrel Green-Land 4-Bullet 1-Mya-Sneox2-Round 3,Barrel Green,Land 4,Bullet 1,Mya,Sneox2,Round 3,BL G-5
Barrel Green-Land 5-Bullet 1-Mya-Sneox2-Round 3,Barrel Green,Land 5,Bullet 1,Mya,Sneox2,Round 3,BL G-6
Barrel Green-Land 6-Bullet 1-Mya-Sneox2-Round 3,Barrel Green,Land 6,Bullet 1,Mya,Sneox2,Round 3,BL G-1
Barrel Green-Land 1-Bullet 2-Mya-Sneox2-Round 3,Barrel Green,Land 1,Bullet 2,Mya,Sneox2,Round 3,BL G-6
Barrel Green-Land 2-Bullet 2-Mya-Sneox2-Round 3,Barrel Green,Land 2,Bullet 2,Mya,Sneox2,Round 3,BL G-1
Barrel Green-Land 3-Bullet 2-Mya-Sneox2-Round 3,Barrel Green,Land 3,Bullet 2,Mya,Sneox2,Round 3,BL G-2
Barrel Green-Land 4-Bullet 2-Mya-Sneox2-Round 3,Barrel Green,Land 4,Bullet 2,Mya,Sneox2,Round 3,BL G-3
Barrel Green-Land 5-Bullet 2-Mya-Sneox2-Round 3,Barrel Green,Land 5,Bullet 2,Mya,Sneox2,Round 3,BL G-4
Barrel Green-Land 6-Bullet 2-Mya-Sneox2-Round 3,Barrel Green,Land 6,Bullet 2,Mya,Sneox2,Round 3,BL G-5
Barrel Green-Land 1-Bullet 3-Mya-Sneox2-Round 3,Barrel Green,Land 1,Bullet 3,Mya,Sneox2,Round 3,BL G-5
Barrel Green-Land 2-Bullet 3-Mya-Sneox2-Round 3,Barrel Green,Land 2,Bullet 3,Mya,Sneox2,Round 3,BL G-6
Barrel Green-Land 3-Bullet 3-Mya-Sneox2-Round 3,Barrel Green,Land 3,Bullet 3,Mya,Sneox2,Round 3,BL G-1
Barrel Green-Land 4-Bullet 3-Mya-Sneox2-Round 3,Barrel Green,Land 4,Bullet 3,Mya,Sneox2,Round 3,BL G-2
Barrel Green-Land 5-Bullet 3-Mya-Sneox2-Round 3,Barrel Green,Land 5,Bullet 3,Mya,Sneox2,Round 3,BL G-3
Barrel Green-Land 6-Bullet 3-Mya-Sneox2-Round 3,Barrel Green,Land 6,Bullet 3,Mya,Sneox2,Round 3,BL G-4
Barrel Green-Land 1-Bullet 1-Anyesha-Sneox1-Round 4,Barrel Green,Land 1,Bullet 1,Anyesha,Sneox1,Round 4,NA
Barrel Green-Land 2-Bullet 1-Anyesha-Sneox1-Round 4,Barrel Green,Land 2,Bullet 1,Anyesha,Sneox1,Round 4,NA
Barrel Green-Land 3-Bullet 1-Anyesha-Sneox1-Round 4,Barrel Green,Land 3,Bullet 1,Anyesha,Sneox1,Round 4,NA
Barrel Green-Land 4-Bullet 1-Anyesha-Sneox1-Round 4,Barrel Green,Land 4,Bullet 1,Anyesha,Sneox1,Round 4,NA
Barrel Green-Land 5-Bullet 1-Anyesha-Sneox1-Round 4,Barrel Green,Land 5,Bullet 1,Anyesha,Sneox1,Round 4,NA
Barrel Green-Land 6-Bullet 1-Anyesha-Sneox1-Round 4,Barrel Green,Land 6,Bullet 1,Anyesha,Sneox1,Round 4,NA
Barrel Green-Land 1-Bullet 2-Anyesha-Sneox1-Round 4,Barrel Green,Land 1,Bullet 2,Anyesha,Sneox1,Round 4,NA
Barrel Green-Land 2-Bullet 2-Anyesha-Sneox1-Round 4,Barrel Green,Land 2,Bullet 2,Anyesha,Sneox1,Round 4,NA
Barrel Green-Land 3-Bullet 2-Anyesha-Sneox1-Round 4,Barrel Green,Land 3,Bullet 2,Anyesha,Sneox1,Round 4,NA
Barrel Green-Land 4-Bullet 2-Anyesha-Sneox1-Round 4,Barrel Green,Land 4,Bullet 2,Anyesha,Sneox1,Round 4,NA
Barrel Green-Land 5-Bullet 2-Anyesha-Sneox1-Round 4,Barrel Green,Land 5,Bullet 2,Anyesha,Sneox1,Round 4,NA
Barrel Green-Land 6-Bullet 2-Anyesha-Sneox1-Round 4,Barrel Green,Land 6,Bullet 2,Anyesha,Sneox1,Round 4,NA
Barrel Green-Land 1-Bullet 3-Anyesha-Sneox1-Round 4,Barrel Green,Land 1,Bullet 3,Anyesha,Sneox1,Round 4,NA
Barrel Green-Land 2-Bullet 3-Anyesha-Sneox1-Round 4,Barrel Green,Land 2,Bullet 3,Anyesha,Sneox1,Round 4,NA
Barrel Green-Land 3-Bullet 3-Anyesha-Sneox1-Round 4,Barrel Green,Land 3,Bullet 3,Anyesha,Sneox1,Round 4,NA
Barrel Green-Land 4-Bullet 3-Anyesha-Sneox1-Round 4,Barrel Green,Land 4,Bullet 3,Anyesha,Sneox1,Round 4,NA
Barrel Green-Land 5-Bullet 3-Anyesha-Sneox1-Round 4,Barrel Green,Land 5,Bullet 3,Anyesha,Sneox1,Round 4,NA
Barrel Green-Land 6-Bullet 3-Anyesha-Sneox1-Round 4,Barrel Green,Land 6,Bullet 3,Anyesha,Sneox1,Round 4,NA
Barrel Green-Land 1-Bullet 1-Carley-Sneox1-Round 4,Barrel Green,Land 1,Bullet 1,Carley,Sneox1,Round 4,NA
Barrel Green-Land 2-Bullet 1-Carley-Sneox1-Round 4,Barrel Green,Land 2,Bullet 1,Carley,Sneox1,Round 4,NA
Barrel Green-Land 3-Bullet 1-Carley-Sneox1-Round 4,Barrel Green,Land 3,Bullet 1,Carley,Sneox1,Round 4,NA
Barrel Green-Land 4-Bullet 1-Carley-Sneox1-Round 4,Barrel Green,Land 4,Bullet 1,Carley,Sneox1,Round 4,NA
Barrel Green-Land 5-Bullet 1-Carley-Sneox1-Round 4,Barrel Green,Land 5,Bullet 1,Carley,Sneox1,Round 4,NA
Barrel Green-Land 6-Bullet 1-Carley-Sneox1-Round 4,Barrel Green,Land 6,Bullet 1,Carley,Sneox1,Round 4,NA
Barrel Green-Land 1-Bullet 2-Carley-Sneox1-Round 4,Barrel Green,Land 1,Bullet 2,Carley,Sneox1,Round 4,NA
Barrel Green-Land 2-Bullet 2-Carley-Sneox1-Round 4,Barrel Green,Land 2,Bullet 2,Carley,Sneox1,Round 4,NA
Barrel Green-Land 3-Bullet 2-Carley-Sneox1-Round 4,Barrel Green,Land 3,Bullet 2,Carley,Sneox1,Round 4,NA
Barrel Green-Land 4-Bullet 2-Carley-Sneox1-Round 4,Barrel Green,Land 4,Bullet 2,Carley,Sneox1,Round 4,NA
Barrel Green-Land 5-Bullet 2-Carley-Sneox1-Round 4,Barrel Green,Land 5,Bullet 2,Carley,Sneox1,Round 4,NA
Barrel Green-Land 6-Bullet 2-Carley-Sneox1-Round 4,Barrel Green,Land 6,Bullet 2,Carley,Sneox1,Round 4,NA
Barrel Green-Land 1-Bullet 3-Carley-Sneox1-Round 4,Barrel Green,Land 1,Bullet 3,Carley,Sneox1,Round 4,NA
Barrel Green-Land 2-Bullet 3-Carley-Sneox1-Round 4,Barrel Green,Land 2,Bullet 3,Carley,Sneox1,Round 4,NA
Barrel Green-Land 3-Bullet 3-Carley-Sneox1-Round 4,Barrel Green,Land 3,Bullet 3,Carley,Sneox1,Round 4,NA
Barrel Green-Land 4-Bullet 3-Carley-Sneox1-Round 4,Barrel Green,Land 4,Bullet 3,Carley,Sneox1,Round 4,NA
Barrel Green-Land 5-Bullet 3-Carley-Sneox1-Round 4,Barrel Green,Land 5,Bullet 3,Carley,Sneox1,Round 4,NA
Barrel Green-Land 6-Bullet 3-Carley-Sneox1-Round 4,Barrel Green,Land 6,Bullet 3,Carley,Sneox1,Round 4,NA
Barrel Green-Land 1-Bullet 1-Carley-Sneox2-Round 4,Barrel Green,Land 1,Bullet 1,Carley,Sneox2,Round 4,NA
Barrel Green-Land 2-Bullet 1-Carley-Sneox2-Round 4,Barrel Green,Land 2,Bullet 1,Carley,Sneox2,Round 4,NA
Barrel Green-Land 3-Bullet 1-Carley-Sneox2-Round 4,Barrel Green,Land 3,Bullet 1,Carley,Sneox2,Round 4,NA
Barrel Green-Land 4-Bullet 1-Carley-Sneox2-Round 4,Barrel Green,Land 4,Bullet 1,Carley,Sneox2,Round 4,NA
Barrel Green-Land 5-Bullet 1-Carley-Sneox2-Round 4,Barrel Green,Land 5,Bullet 1,Carley,Sneox2,Round 4,NA
Barrel Green-Land 6-Bullet 1-Carley-Sneox2-Round 4,Barrel Green,Land 6,Bullet 1,Carley,Sneox2,Round 4,NA
Barrel Green-Land 1-Bullet 2-Carley-Sneox2-Round 4,Barrel Green,Land 1,Bullet 2,Carley,Sneox2,Round 4,NA
Barrel Green-Land 2-Bullet 2-Carley-Sneox2-Round 4,Barrel Green,Land 2,Bullet 2,Carley,Sneox2,Round 4,NA
Barrel Green-Land 3-Bullet 2-Carley-Sneox2-Round 4,Barrel Green,Land 3,Bullet 2,Carley,Sneox2,Round 4,NA
Barrel Green-Land 4-Bullet 2-Carley-Sneox2-Round 4,Barrel Green,Land 4,Bullet 2,Carley,Sneox2,Round 4,NA
Barrel Green-Land 5-Bullet 2-Carley-Sneox2-Round 4,Barrel Green,Land 5,Bullet 2,Carley,Sneox2,Round 4,NA
Barrel Green-Land 6-Bullet 2-Carley-Sneox2-Round 4,Barrel Green,Land 6,Bullet 2,Carley,Sneox2,Round 4,NA
Barrel Green-Land 1-Bullet 3-Carley-Sneox2-Round 4,Barrel Green,Land 1,Bullet 3,Carley,Sneox2,Round 4,NA
Barrel Green-Land 2-Bullet 3-Carley-Sneox2-Round 4,Barrel Green,Land 2,Bullet 3,Carley,Sneox2,Round 4,NA
Barrel Green-Land 3-Bullet 3-Carley-Sneox2-Round 4,Barrel Green,Land 3,Bullet 3,Carley,Sneox2,Round 4,NA
Barrel Green-Land 4-Bullet 3-Carley-Sneox2-Round 4,Barrel Green,Land 4,Bullet 3,Carley,Sneox2,Round 4,NA
Barrel Green-Land 5-Bullet 3-Carley-Sneox2-Round 4,Barrel Green,Land 5,Bullet 3,Carley,Sneox2,Round 4,NA
Barrel Green-Land 6-Bullet 3-Carley-Sneox2-Round 4,Barrel Green,Land 6,Bullet 3,Carley,Sneox2,Round 4,NA
Barrel Green-Land 1-Bullet 1-Connor-Sneox1-Round 4,Barrel Green,Land 1,Bullet 1,Connor,Sneox1,Round 4,NA
Barrel Green-Land 2-Bullet 1-Connor-Sneox1-Round 4,Barrel Green,Land 2,Bullet 1,Connor,Sneox1,Round 4,NA
Barrel Green-Land 3-Bullet 1-Connor-Sneox1-Round 4,Barrel Green,Land 3,Bullet 1,Connor,Sneox1,Round 4,NA
Barrel Green-Land 4-Bullet 1-Connor-Sneox1-Round 4,Barrel Green,Land 4,Bullet 1,Connor,Sneox1,Round 4,NA
Barrel Green-Land 5-Bullet 1-Connor-Sneox1-Round 4,Barrel Green,Land 5,Bullet 1,Connor,Sneox1,Round 4,NA
Barrel Green-Land 6-Bullet 1-Connor-Sneox1-Round 4,Barrel Green,Land 6,Bullet 1,Connor,Sneox1,Round 4,NA
Barrel Green-Land 1-Bullet 2-Connor-Sneox1-Round 4,Barrel Green,Land 1,Bullet 2,Connor,Sneox1,Round 4,NA
Barrel Green-Land 2-Bullet 2-Connor-Sneox1-Round 4,Barrel Green,Land 2,Bullet 2,Connor,Sneox1,Round 4,NA
Barrel Green-Land 3-Bullet 2-Connor-Sneox1-Round 4,Barrel Green,Land 3,Bullet 2,Connor,Sneox1,Round 4,NA
Barrel Green-Land 4-Bullet 2-Connor-Sneox1-Round 4,Barrel Green,Land 4,Bullet 2,Connor,Sneox1,Round 4,NA
Barrel Green-Land 5-Bullet 2-Connor-Sneox1-Round 4,Barrel Green,Land 5,Bullet 2,Connor,Sneox1,Round 4,NA
Barrel Green-Land 6-Bullet 2-Connor-Sneox1-Round 4,Barrel Green,Land 6,Bullet 2,Connor,Sneox1,Round 4,NA
Barrel Green-Land 1-Bullet 3-Connor-Sneox1-Round 4,Barrel Green,Land 1,Bullet 3,Connor,Sneox1,Round 4,NA
Barrel Green-Land 2-Bullet 3-Connor-Sneox1-Round 4,Barrel Green,Land 2,Bullet 3,Connor,Sneox1,Round 4,NA
Barrel Green-Land 3-Bullet 3-Connor-Sneox1-Round 4,Barrel Green,Land 3,Bullet 3,Connor,Sneox1,Round 4,NA
Barrel Green-Land 4-Bullet 3-Connor-Sneox1-Round 4,Barrel Green,Land 4,Bullet 3,Connor,Sneox1,Round 4,NA
Barrel Green-Land 5-Bullet 3-Connor-Sneox1-Round 4,Barrel Green,Land 5,Bullet 3,Connor,Sneox1,Round 4,NA
Barrel Green-Land 6-Bullet 3-Connor-Sneox1-Round 4,Barrel Green,Land 6,Bullet 3,Connor,Sneox1,Round 4,NA
Barrel Green-Land 1-Bullet 1-Connor-Sneox2-Round 4,Barrel Green,Land 1,Bullet 1,Connor,Sneox2,Round 4,NA
Barrel Green-Land 2-Bullet 1-Connor-Sneox2-Round 4,Barrel Green,Land 2,Bullet 1,Connor,Sneox2,Round 4,NA
Barrel Green-Land 3-Bullet 1-Connor-Sneox2-Round 4,Barrel Green,Land 3,Bullet 1,Connor,Sneox2,Round 4,NA
Barrel Green-Land 4-Bullet 1-Connor-Sneox2-Round 4,Barrel Green,Land 4,Bullet 1,Connor,Sneox2,Round 4,NA
Barrel Green-Land 5-Bullet 1-Connor-Sneox2-Round 4,Barrel Green,Land 5,Bullet 1,Connor,Sneox2,Round 4,NA
Barrel Green-Land 6-Bullet 1-Connor-Sneox2-Round 4,Barrel Green,Land 6,Bullet 1,Connor,Sneox2,Round 4,NA
Barrel Green-Land 1-Bullet 2-Connor-Sneox2-Round 4,Barrel Green,Land 1,Bullet 2,Connor,Sneox2,Round 4,NA
Barrel Green-Land 2-Bullet 2-Connor-Sneox2-Round 4,Barrel Green,Land 2,Bullet 2,Connor,Sneox2,Round 4,NA
Barrel Green-Land 3-Bullet 2-Connor-Sneox2-Round 4,Barrel Green,Land 3,Bullet 2,Connor,Sneox2,Round 4,NA
Barrel Green-Land 4-Bullet 2-Connor-Sneox2-Round 4,Barrel Green,Land 4,Bullet 2,Connor,Sneox2,Round 4,NA
Barrel Green-Land 5-Bullet 2-Connor-Sneox2-Round 4,Barrel Green,Land 5,Bullet 2,Connor,Sneox2,Round 4,NA
Barrel Green-Land 6-Bullet 2-Connor-Sneox2-Round 4,Barrel Green,Land 6,Bullet 2,Connor,Sneox2,Round 4,NA
Barrel Green-Land 1-Bullet 3-Connor-Sneox2-Round 4,Barrel Green,Land 1,Bullet 3,Connor,Sneox2,Round 4,NA
Barrel Green-Land 2-Bullet 3-Connor-Sneox2-Round 4,Barrel Green,Land 2,Bullet 3,Connor,Sneox2,Round 4,NA
Barrel Green-Land 3-Bullet 3-Connor-Sneox2-Round 4,Barrel Green,Land 3,Bullet 3,Connor,Sneox2,Round 4,NA
Barrel Green-Land 4-Bullet 3-Connor-Sneox2-Round 4,Barrel Green,Land 4,Bullet 3,Connor,Sneox2,Round 4,NA
Barrel Green-Land 5-Bullet 3-Connor-Sneox2-Round 4,Barrel Green,Land 5,Bullet 3,Connor,Sneox2,Round 4,NA
Barrel Green-Land 6-Bullet 3-Connor-Sneox2-Round 4,Barrel Green,Land 6,Bullet 3,Connor,Sneox2,Round 4,NA
Barrel Green-Land 1-Bullet 1-Mya-Sneox1-Round 4,Barrel Green,Land 1,Bullet 1,Mya,Sneox1,Round 4,NA
Barrel Green-Land 2-Bullet 1-Mya-Sneox1-Round 4,Barrel Green,Land 2,Bullet 1,Mya,Sneox1,Round 4,NA
Barrel Green-Land 3-Bullet 1-Mya-Sneox1-Round 4,Barrel Green,Land 3,Bullet 1,Mya,Sneox1,Round 4,NA
Barrel Green-Land 4-Bullet 1-Mya-Sneox1-Round 4,Barrel Green,Land 4,Bullet 1,Mya,Sneox1,Round 4,NA
Barrel Green-Land 5-Bullet 1-Mya-Sneox1-Round 4,Barrel Green,Land 5,Bullet 1,Mya,Sneox1,Round 4,NA
Barrel Green-Land 6-Bullet 1-Mya-Sneox1-Round 4,Barrel Green,Land 6,Bullet 1,Mya,Sneox1,Round 4,NA
Barrel Green-Land 1-Bullet 2-Mya-Sneox1-Round 4,Barrel Green,Land 1,Bullet 2,Mya,Sneox1,Round 4,NA
Barrel Green-Land 2-Bullet 2-Mya-Sneox1-Round 4,Barrel Green,Land 2,Bullet 2,Mya,Sneox1,Round 4,NA
Barrel Green-Land 3-Bullet 2-Mya-Sneox1-Round 4,Barrel Green,Land 3,Bullet 2,Mya,Sneox1,Round 4,NA
Barrel Green-Land 4-Bullet 2-Mya-Sneox1-Round 4,Barrel Green,Land 4,Bullet 2,Mya,Sneox1,Round 4,NA
Barrel Green-Land 5-Bullet 2-Mya-Sneox1-Round 4,Barrel Green,Land 5,Bullet 2,Mya,Sneox1,Round 4,NA
Barrel Green-Land 6-Bullet 2-Mya-Sneox1-Round 4,Barrel Green,Land 6,Bullet 2,Mya,Sneox1,Round 4,NA
Barrel Green-Land 1-Bullet 3-Mya-Sneox1-Round 4,Barrel Green,Land 1,Bullet 3,Mya,Sneox1,Round 4,NA
Barrel Green-Land 2-Bullet 3-Mya-Sneox1-Round 4,Barrel Green,Land 2,Bullet 3,Mya,Sneox1,Round 4,NA
Barrel Green-Land 3-Bullet 3-Mya-Sneox1-Round 4,Barrel Green,Land 3,Bullet 3,Mya,Sneox1,Round 4,NA
Barrel Green-Land 4-Bullet 3-Mya-Sneox1-Round 4,Barrel Green,Land 4,Bullet 3,Mya,Sneox1,Round 4,NA
Barrel Green-Land 5-Bullet 3-Mya-Sneox1-Round 4,Barrel Green,Land 5,Bullet 3,Mya,Sneox1,Round 4,NA
Barrel Green-Land 6-Bullet 3-Mya-Sneox1-Round 4,Barrel Green,Land 6,Bullet 3,Mya,Sneox1,Round 4,NA
Barrel Green-Land 1-Bullet 1-Mya-Sneox2-Round 4,Barrel Green,Land 1,Bullet 1,Mya,Sneox2,Round 4,NA
Barrel Green-Land 2-Bullet 1-Mya-Sneox2-Round 4,Barrel Green,Land 2,Bullet 1,Mya,Sneox2,Round 4,NA
Barrel Green-Land 3-Bullet 1-Mya-Sneox2-Round 4,Barrel Green,Land 3,Bullet 1,Mya,Sneox2,Round 4,NA
Barrel Green-Land 4-Bullet 1-Mya-Sneox2-Round 4,Barrel Green,Land 4,Bullet 1,Mya,Sneox2,Round 4,NA
Barrel Green-Land 5-Bullet 1-Mya-Sneox2-Round 4,Barrel Green,Land 5,Bullet 1,Mya,Sneox2,Round 4,NA
Barrel Green-Land 6-Bullet 1-Mya-Sneox2-Round 4,Barrel Green,Land 6,Bullet 1,Mya,Sneox2,Round 4,NA
Barrel Green-Land 1-Bullet 2-Mya-Sneox2-Round 4,Barrel Green,Land 1,Bullet 2,Mya,Sneox2,Round 4,NA
Barrel Green-Land 2-Bullet 2-Mya-Sneox2-Round 4,Barrel Green,Land 2,Bullet 2,Mya,Sneox2,Round 4,NA
Barrel Green-Land 3-Bullet 2-Mya-Sneox2-Round 4,Barrel Green,Land 3,Bullet 2,Mya,Sneox2,Round 4,NA
Barrel Green-Land 4-Bullet 2-Mya-Sneox2-Round 4,Barrel Green,Land 4,Bullet 2,Mya,Sneox2,Round 4,NA
Barrel Green-Land 5-Bullet 2-Mya-Sneox2-Round 4,Barrel Green,Land 5,Bullet 2,Mya,Sneox2,Round 4,NA
Barrel Green-Land 6-Bullet 2-Mya-Sneox2-Round 4,Barrel Green,Land 6,Bullet 2,Mya,Sneox2,Round 4,NA
Barrel Green-Land 1-Bullet 3-Mya-Sneox2-Round 4,Barrel Green,Land 1,Bullet 3,Mya,Sneox2,Round 4,NA
Barrel Green-Land 2-Bullet 3-Mya-Sneox2-Round 4,Barrel Green,Land 2,Bullet 3,Mya,Sneox2,Round 4,NA
Barrel Green-Land 3-Bullet 3-Mya-Sneox2-Round 4,Barrel Green,Land 3,Bullet 3,Mya,Sneox2,Round 4,NA
Barrel Green-Land 4-Bullet 3-Mya-Sneox2-Round 4,Barrel Green,Land 4,Bullet 3,Mya,Sneox2,Round 4,NA
Barrel Green-Land 5-Bullet 3-Mya-Sneox2-Round 4,Barrel Green,Land 5,Bullet 3,Mya,Sneox2,Round 4,NA
Barrel Green-Land 6-Bullet 3-Mya-Sneox2-Round 4,Barrel Green,Land 6,Bullet 3,Mya,Sneox2,Round 4,NA
Barrel Green-Land 1-Bullet 1-Carley-Sneox1-Round 5,Barrel Green,Land 1,Bullet 1,Carley,Sneox1,Round 5,NA
Barrel Green-Land 2-Bullet 1-Carley-Sneox1-Round 5,Barrel Green,Land 2,Bullet 1,Carley,Sneox1,Round 5,NA
Barrel Green-Land 3-Bullet 1-Carley-Sneox1-Round 5,Barrel Green,Land 3,Bullet 1,Carley,Sneox1,Round 5,NA
Barrel Green-Land 4-Bullet 1-Carley-Sneox1-Round 5,Barrel Green,Land 4,Bullet 1,Carley,Sneox1,Round 5,NA
Barrel Green-Land 5-Bullet 1-Carley-Sneox1-Round 5,Barrel Green,Land 5,Bullet 1,Carley,Sneox1,Round 5,NA
Barrel Green-Land 6-Bullet 1-Carley-Sneox1-Round 5,Barrel Green,Land 6,Bullet 1,Carley,Sneox1,Round 5,NA
Barrel Green-Land 1-Bullet 2-Carley-Sneox1-Round 5,Barrel Green,Land 1,Bullet 2,Carley,Sneox1,Round 5,NA
Barrel Green-Land 2-Bullet 2-Carley-Sneox1-Round 5,Barrel Green,Land 2,Bullet 2,Carley,Sneox1,Round 5,NA
Barrel Green-Land 3-Bullet 2-Carley-Sneox1-Round 5,Barrel Green,Land 3,Bullet 2,Carley,Sneox1,Round 5,NA
Barrel Green-Land 4-Bullet 2-Carley-Sneox1-Round 5,Barrel Green,Land 4,Bullet 2,Carley,Sneox1,Round 5,NA
Barrel Green-Land 5-Bullet 2-Carley-Sneox1-Round 5,Barrel Green,Land 5,Bullet 2,Carley,Sneox1,Round 5,NA
Barrel Green-Land 6-Bullet 2-Carley-Sneox1-Round 5,Barrel Green,Land 6,Bullet 2,Carley,Sneox1,Round 5,NA
Barrel Green-Land 1-Bullet 3-Carley-Sneox1-Round 5,Barrel Green,Land 1,Bullet 3,Carley,Sneox1,Round 5,NA
Barrel Green-Land 2-Bullet 3-Carley-Sneox1-Round 5,Barrel Green,Land 2,Bullet 3,Carley,Sneox1,Round 5,NA
Barrel Green-Land 3-Bullet 3-Carley-Sneox1-Round 5,Barrel Green,Land 3,Bullet 3,Carley,Sneox1,Round 5,NA
Barrel Green-Land 4-Bullet 3-Carley-Sneox1-Round 5,Barrel Green,Land 4,Bullet 3,Carley,Sneox1,Round 5,NA
Barrel Green-Land 5-Bullet 3-Carley-Sneox1-Round 5,Barrel Green,Land 5,Bullet 3,Carley,Sneox1,Round 5,NA
Barrel Green-Land 6-Bullet 3-Carley-Sneox1-Round 5,Barrel Green,Land 6,Bullet 3,Carley,Sneox1,Round 5,NA
Barrel Green-Land 1-Bullet 1-Carley-Sneox2-Round 5,Barrel Green,Land 1,Bullet 1,Carley,Sneox2,Round 5,NA
Barrel Green-Land 2-Bullet 1-Carley-Sneox2-Round 5,Barrel Green,Land 2,Bullet 1,Carley,Sneox2,Round 5,NA
Barrel Green-Land 3-Bullet 1-Carley-Sneox2-Round 5,Barrel Green,Land 3,Bullet 1,Carley,Sneox2,Round 5,NA
Barrel Green-Land 4-Bullet 1-Carley-Sneox2-Round 5,Barrel Green,Land 4,Bullet 1,Carley,Sneox2,Round 5,NA
Barrel Green-Land 5-Bullet 1-Carley-Sneox2-Round 5,Barrel Green,Land 5,Bullet 1,Carley,Sneox2,Round 5,NA
Barrel Green-Land 6-Bullet 1-Carley-Sneox2-Round 5,Barrel Green,Land 6,Bullet 1,Carley,Sneox2,Round 5,NA
Barrel Green-Land 1-Bullet 2-Carley-Sneox2-Round 5,Barrel Green,Land 1,Bullet 2,Carley,Sneox2,Round 5,NA
Barrel Green-Land 2-Bullet 2-Carley-Sneox2-Round 5,Barrel Green,Land 2,Bullet 2,Carley,Sneox2,Round 5,NA
Barrel Green-Land 3-Bullet 2-Carley-Sneox2-Round 5,Barrel Green,Land 3,Bullet 2,Carley,Sneox2,Round 5,NA
Barrel Green-Land 4-Bullet 2-Carley-Sneox2-Round 5,Barrel Green,Land 4,Bullet 2,Carley,Sneox2,Round 5,NA
Barrel Green-Land 5-Bullet 2-Carley-Sneox2-Round 5,Barrel Green,Land 5,Bullet 2,Carley,Sneox2,Round 5,NA
Barrel Green-Land 6-Bullet 2-Carley-Sneox2-Round 5,Barrel Green,Land 6,Bullet 2,Carley,Sneox2,Round 5,NA
Barrel Green-Land 1-Bullet 3-Carley-Sneox2-Round 5,Barrel Green,Land 1,Bullet 3,Carley,Sneox2,Round 5,NA
Barrel Green-Land 2-Bullet 3-Carley-Sneox2-Round 5,Barrel Green,Land 2,Bullet 3,Carley,Sneox2,Round 5,NA
Barrel Green-Land 3-Bullet 3-Carley-Sneox2-Round 5,Barrel Green,Land 3,Bullet 3,Carley,Sneox2,Round 5,NA
Barrel Green-Land 4-Bullet 3-Carley-Sneox2-Round 5,Barrel Green,Land 4,Bullet 3,Carley,Sneox2,Round 5,NA
Barrel Green-Land 5-Bullet 3-Carley-Sneox2-Round 5,Barrel Green,Land 5,Bullet 3,Carley,Sneox2,Round 5,NA
Barrel Green-Land 6-Bullet 3-Carley-Sneox2-Round 5,Barrel Green,Land 6,Bullet 3,Carley,Sneox2,Round 5,NA
Barrel Green-Land 1-Bullet 1-Connor-Sneox1-Round 5,Barrel Green,Land 1,Bullet 1,Connor,Sneox1,Round 5,NA
Barrel Green-Land 2-Bullet 1-Connor-Sneox1-Round 5,Barrel Green,Land 2,Bullet 1,Connor,Sneox1,Round 5,NA
Barrel Green-Land 3-Bullet 1-Connor-Sneox1-Round 5,Barrel Green,Land 3,Bullet 1,Connor,Sneox1,Round 5,NA
Barrel Green-Land 4-Bullet 1-Connor-Sneox1-Round 5,Barrel Green,Land 4,Bullet 1,Connor,Sneox1,Round 5,NA
Barrel Green-Land 5-Bullet 1-Connor-Sneox1-Round 5,Barrel Green,Land 5,Bullet 1,Connor,Sneox1,Round 5,NA
Barrel Green-Land 6-Bullet 1-Connor-Sneox1-Round 5,Barrel Green,Land 6,Bullet 1,Connor,Sneox1,Round 5,NA
Barrel Green-Land 1-Bullet 2-Connor-Sneox1-Round 5,Barrel Green,Land 1,Bullet 2,Connor,Sneox1,Round 5,NA
Barrel Green-Land 2-Bullet 2-Connor-Sneox1-Round 5,Barrel Green,Land 2,Bullet 2,Connor,Sneox1,Round 5,NA
Barrel Green-Land 3-Bullet 2-Connor-Sneox1-Round 5,Barrel Green,Land 3,Bullet 2,Connor,Sneox1,Round 5,NA
Barrel Green-Land 4-Bullet 2-Connor-Sneox1-Round 5,Barrel Green,Land 4,Bullet 2,Connor,Sneox1,Round 5,NA
Barrel Green-Land 5-Bullet 2-Connor-Sneox1-Round 5,Barrel Green,Land 5,Bullet 2,Connor,Sneox1,Round 5,NA
Barrel Green-Land 6-Bullet 2-Connor-Sneox1-Round 5,Barrel Green,Land 6,Bullet 2,Connor,Sneox1,Round 5,NA
Barrel Green-Land 1-Bullet 3-Connor-Sneox1-Round 5,Barrel Green,Land 1,Bullet 3,Connor,Sneox1,Round 5,NA
Barrel Green-Land 2-Bullet 3-Connor-Sneox1-Round 5,Barrel Green,Land 2,Bullet 3,Connor,Sneox1,Round 5,NA
Barrel Green-Land 3-Bullet 3-Connor-Sneox1-Round 5,Barrel Green,Land 3,Bullet 3,Connor,Sneox1,Round 5,NA
Barrel Green-Land 4-Bullet 3-Connor-Sneox1-Round 5,Barrel Green,Land 4,Bullet 3,Connor,Sneox1,Round 5,NA
Barrel Green-Land 5-Bullet 3-Connor-Sneox1-Round 5,Barrel Green,Land 5,Bullet 3,Connor,Sneox1,Round 5,NA
Barrel Green-Land 6-Bullet 3-Connor-Sneox1-Round 5,Barrel Green,Land 6,Bullet 3,Connor,Sneox1,Round 5,NA
Barrel Green-Land 1-Bullet 1-Connor-Sneox2-Round 5,Barrel Green,Land 1,Bullet 1,Connor,Sneox2,Round 5,NA
Barrel Green-Land 2-Bullet 1-Connor-Sneox2-Round 5,Barrel Green,Land 2,Bullet 1,Connor,Sneox2,Round 5,NA
Barrel Green-Land 3-Bullet 1-Connor-Sneox2-Round 5,Barrel Green,Land 3,Bullet 1,Connor,Sneox2,Round 5,NA
Barrel Green-Land 4-Bullet 1-Connor-Sneox2-Round 5,Barrel Green,Land 4,Bullet 1,Connor,Sneox2,Round 5,NA
Barrel Green-Land 5-Bullet 1-Connor-Sneox2-Round 5,Barrel Green,Land 5,Bullet 1,Connor,Sneox2,Round 5,NA
Barrel Green-Land 6-Bullet 1-Connor-Sneox2-Round 5,Barrel Green,Land 6,Bullet 1,Connor,Sneox2,Round 5,NA
Barrel Green-Land 1-Bullet 2-Connor-Sneox2-Round 5,Barrel Green,Land 1,Bullet 2,Connor,Sneox2,Round 5,NA
Barrel Green-Land 2-Bullet 2-Connor-Sneox2-Round 5,Barrel Green,Land 2,Bullet 2,Connor,Sneox2,Round 5,NA
Barrel Green-Land 3-Bullet 2-Connor-Sneox2-Round 5,Barrel Green,Land 3,Bullet 2,Connor,Sneox2,Round 5,NA
Barrel Green-Land 4-Bullet 2-Connor-Sneox2-Round 5,Barrel Green,Land 4,Bullet 2,Connor,Sneox2,Round 5,NA
Barrel Green-Land 5-Bullet 2-Connor-Sneox2-Round 5,Barrel Green,Land 5,Bullet 2,Connor,Sneox2,Round 5,NA
Barrel Green-Land 6-Bullet 2-Connor-Sneox2-Round 5,Barrel Green,Land 6,Bullet 2,Connor,Sneox2,Round 5,NA
Barrel Green-Land 1-Bullet 3-Connor-Sneox2-Round 5,Barrel Green,Land 1,Bullet 3,Connor,Sneox2,Round 5,NA
Barrel Green-Land 2-Bullet 3-Connor-Sneox2-Round 5,Barrel Green,Land 2,Bullet 3,Connor,Sneox2,Round 5,NA
Barrel Green-Land 3-Bullet 3-Connor-Sneox2-Round 5,Barrel Green,Land 3,Bullet 3,Connor,Sneox2,Round 5,NA
Barrel Green-Land 4-Bullet 3-Connor-Sneox2-Round 5,Barrel Green,Land 4,Bullet 3,Connor,Sneox2,Round 5,NA
Barrel Green-Land 5-Bullet 3-Connor-Sneox2-Round 5,Barrel Green,Land 5,Bullet 3,Connor,Sneox2,Round 5,NA
Barrel Green-Land 6-Bullet 3-Connor-Sneox2-Round 5,Barrel Green,Land 6,Bullet 3,Connor,Sneox2,Round 5,NA
Barrel Green-Land 1-Bullet 1-Mya-Sneox1-Round 5,Barrel Green,Land 1,Bullet 1,Mya,Sneox1,Round 5,NA
Barrel Green-Land 2-Bullet 1-Mya-Sneox1-Round 5,Barrel Green,Land 2,Bullet 1,Mya,Sneox1,Round 5,NA
Barrel Green-Land 3-Bullet 1-Mya-Sneox1-Round 5,Barrel Green,Land 3,Bullet 1,Mya,Sneox1,Round 5,NA
Barrel Green-Land 4-Bullet 1-Mya-Sneox1-Round 5,Barrel Green,Land 4,Bullet 1,Mya,Sneox1,Round 5,NA
Barrel Green-Land 5-Bullet 1-Mya-Sneox1-Round 5,Barrel Green,Land 5,Bullet 1,Mya,Sneox1,Round 5,NA
Barrel Green-Land 6-Bullet 1-Mya-Sneox1-Round 5,Barrel Green,Land 6,Bullet 1,Mya,Sneox1,Round 5,NA
Barrel Green-Land 1-Bullet 2-Mya-Sneox1-Round 5,Barrel Green,Land 1,Bullet 2,Mya,Sneox1,Round 5,NA
Barrel Green-Land 2-Bullet 2-Mya-Sneox1-Round 5,Barrel Green,Land 2,Bullet 2,Mya,Sneox1,Round 5,NA
Barrel Green-Land 3-Bullet 2-Mya-Sneox1-Round 5,Barrel Green,Land 3,Bullet 2,Mya,Sneox1,Round 5,NA
Barrel Green-Land 4-Bullet 2-Mya-Sneox1-Round 5,Barrel Green,Land 4,Bullet 2,Mya,Sneox1,Round 5,NA
Barrel Green-Land 5-Bullet 2-Mya-Sneox1-Round 5,Barrel Green,Land 5,Bullet 2,Mya,Sneox1,Round 5,NA
Barrel Green-Land 6-Bullet 2-Mya-Sneox1-Round 5,Barrel Green,Land 6,Bullet 2,Mya,Sneox1,Round 5,NA
Barrel Green-Land 1-Bullet 3-Mya-Sneox1-Round 5,Barrel Green,Land 1,Bullet 3,Mya,Sneox1,Round 5,NA
Barrel Green-Land 2-Bullet 3-Mya-Sneox1-Round 5,Barrel Green,Land 2,Bullet 3,Mya,Sneox1,Round 5,NA
Barrel Green-Land 3-Bullet 3-Mya-Sneox1-Round 5,Barrel Green,Land 3,Bullet 3,Mya,Sneox1,Round 5,NA
Barrel Green-Land 4-Bullet 3-Mya-Sneox1-Round 5,Barrel Green,Land 4,Bullet 3,Mya,Sneox1,Round 5,NA
Barrel Green-Land 5-Bullet 3-Mya-Sneox1-Round 5,Barrel Green,Land 5,Bullet 3,Mya,Sneox1,Round 5,NA
Barrel Green-Land 6-Bullet 3-Mya-Sneox1-Round 5,Barrel Green,Land 6,Bullet 3,Mya,Sneox1,Round 5,NA
Barrel Green-Land 1-Bullet 1-Mya-Sneox2-Round 5,Barrel Green,Land 1,Bullet 1,Mya,Sneox2,Round 5,NA
Barrel Green-Land 2-Bullet 1-Mya-Sneox2-Round 5,Barrel Green,Land 2,Bullet 1,Mya,Sneox2,Round 5,NA
Barrel Green-Land 3-Bullet 1-Mya-Sneox2-Round 5,Barrel Green,Land 3,Bullet 1,Mya,Sneox2,Round 5,NA
Barrel Green-Land 4-Bullet 1-Mya-Sneox2-Round 5,Barrel Green,Land 4,Bullet 1,Mya,Sneox2,Round 5,NA
Barrel Green-Land 5-Bullet 1-Mya-Sneox2-Round 5,Barrel Green,Land 5,Bullet 1,Mya,Sneox2,Round 5,NA
Barrel Green-Land 6-Bullet 1-Mya-Sneox2-Round 5,Barrel Green,Land 6,Bullet 1,Mya,Sneox2,Round 5,NA
Barrel Green-Land 1-Bullet 2-Mya-Sneox2-Round 5,Barrel Green,Land 1,Bullet 2,Mya,Sneox2,Round 5,NA
Barrel Green-Land 2-Bullet 2-Mya-Sneox2-Round 5,Barrel Green,Land 2,Bullet 2,Mya,Sneox2,Round 5,NA
Barrel Green-Land 3-Bullet 2-Mya-Sneox2-Round 5,Barrel Green,Land 3,Bullet 2,Mya,Sneox2,Round 5,NA
Barrel Green-Land 4-Bullet 2-Mya-Sneox2-Round 5,Barrel Green,Land 4,Bullet 2,Mya,Sneox2,Round 5,NA
Barrel Green-Land 5-Bullet 2-Mya-Sneox2-Round 5,Barrel Green,Land 5,Bullet 2,Mya,Sneox2,Round 5,NA
Barrel Green-Land 6-Bullet 2-Mya-Sneox2-Round 5,Barrel Green,Land 6,Bullet 2,Mya,Sneox2,Round 5,NA
Barrel Green-Land 1-Bullet 3-Mya-Sneox2-Round 5,Barrel Green,Land 1,Bullet 3,Mya,Sneox2,Round 5,NA
Barrel Green-Land 2-Bullet 3-Mya-Sneox2-Round 5,Barrel Green,Land 2,Bullet 3,Mya,Sneox2,Round 5,NA
Barrel Green-Land 3-Bullet 3-Mya-Sneox2-Round 5,Barrel Green,Land 3,Bullet 3,Mya,Sneox2,Round 5,NA
Barrel Green-Land 4-Bullet 3-Mya-Sneox2-Round 5,Barrel Green,Land 4,Bullet 3,Mya,Sneox2,Round 5,NA
Barrel Green-Land 5-Bullet 3-Mya-Sneox2-Round 5,Barrel Green,Land 5,Bullet 3,Mya,Sneox2,Round 5,NA
Barrel Green-Land 6-Bullet 3-Mya-Sneox2-Round 5,Barrel Green,Land 6,Bullet 3,Mya,Sneox2,Round 5,NA
